galaxy,SN_name,SN_type,SN_ra,SN_dec,SN_xCoord,SN_yCoord,SN_co21int,SN_co21err,SN_co21ew,map_beamsize,orient_ra,orient_dec,dist,orient_posang,orient_incl,size_r25,telOrient,ImageFile150,ErrFile150,AlphaCOFile,Names,MCSN55Int,MCSN55Intval,MCSN6Int,MCSN6Intval,MCSN65Int,MCSN65Intval,MCSN7Int,MCSN7Intval,MCSN75Int,MCSN75Intval,MCSN55Mass,MCSN55Massval,MCSN6Mass,MCSN6Massval,MCSN65Mass,MCSN65Massval,MCSN7Mass,MCSN7Massval,MCSN75Mass,MCSN75Massval,MCSN_SNR_7,MCSN_SNR_7_val,MCSN_SNR_9,MCSN_SNR_9_val,MCSN_SNR_1,MCSN_SNR_1_val,MCSN_SNR_3,MCSN_SNR_3_val,MCSN_SNR_5,MCSN_SNR_5_val
ngc1566,ASASSN-14ha,II,65.0059,-54.9381,258.9038295074317,423.1062029210927,68.05383,1.8849889,12.188041,0.0003484111476313,65.00159,-54.93801,17.69,214.7,29.5,216.83093,12m+7m+tp,/data/tycho/0/leroy.42/reduction/alma/phangs-alma/derived/ngc1566/ngc1566_12m+7m+tp_co21_150pc_broad_mom0.fits,/data/tycho/0/leroy.42/reduction/alma/phangs-alma/derived/ngc1566/ngc1566_12m+7m+tp_co21_150pc_broad_emom0.fits,/data/kant/0/sun.1608/PHANGS/ALMA/alphaCO/NGC1566_alphaCO21_Sun+20.fits,ngc1566_ASASSN-14ha_,7.168330791430105,61.926334381103516,7.168330791430105,61.926334381103516,7.168330791430105,61.926334381103516,7.168330791430105,61.926334381103516,577.5910393511059,189.28466796875,7.168330791430105,61.926334381103516,7.168330791430105,6794518.579826997,7.168330791430105,6794518.579826997,540.1480500825826,10247495.735757168,626.9203700447346,31862605.53927886,7.168330791430105,45.56260681152344,7.168330791430105,45.56260681152344,7.168330791430105,45.56260681152344,7.168330791430105,45.56260681152344,7.168330791430105,45.56260681152344
ngc4321,SN1901B,I,185.6971,15.8238,545.5920792633563,276.5735561756638,5.0824146,1.0344207,2.544713,0.000462934650464,185.72887,15.822304,15.21,156.2,38.5,182.86105,12m+7m+tp,/data/tycho/0/leroy.42/reduction/alma/phangs-alma/derived/ngc4321/ngc4321_12m+7m+tp_co21_150pc_broad_mom0.fits,/data/tycho/0/leroy.42/reduction/alma/phangs-alma/derived/ngc4321/ngc4321_12m+7m+tp_co21_150pc_broad_emom0.fits,/data/kant/0/sun.1608/PHANGS/ALMA/alphaCO/NGC4321_alphaCO21_Sun+20.fits,ngc4321_SN1901B_,16.217608974124317,5.4790143966674805,32.95206950182446,6.2370805740356445,375.2361429425682,20.15619659423828,5429.02766974846,58.92905044555664,9348.094692036415,186.10044860839844,16.217608974124317,5.4790143966674805,16.217608974124317,1053493.1724780116,354.5195224142885,3342420.1186717595,5465.47290014249,10169412.927852659,9838.242679663315,32548988.676900666,32.95206950182446,7.592727184295654,74.35152882558509,9.115458488464355,16.217608974124317,6.640030384063721,16.217608974124317,6.640030384063721,16.217608974124317,6.640030384063721
ngc5236,SN1923A,II,204.2883,-29.8389,399.09014170428725,813.7841220160797,3.1662843,0.6370633,6.310522,0.000594044605435,204.2539,-29.865625,4.89,225.0,24.0,408.43347,12m+7m+tp,/data/tycho/0/leroy.42/reduction/alma/phangs-alma/derived/ngc5236/ngc5236_12m+7m+tp_co21_150pc_broad_mom0.fits,/data/tycho/0/leroy.42/reduction/alma/phangs-alma/derived/ngc5236/ngc5236_12m+7m+tp_co21_150pc_broad_emom0.fits,/data/kant/0/sun.1608/PHANGS/ALMA/alphaCO/NGC5236_alphaCO21_Sun+20.fits,ngc5236_SN1923A_,4.97955838549907,2.6020655632019043,165.25801448750806,6.16483211517334,701.2762889030039,18.5152530670166,1327.7521680207906,60.38484573364258,3136.7306821082784,189.17770385742188,4.97955838549907,2.6020655632019043,165.25801448750806,1053035.375,701.2762889030039,3162651.75,1327.7521680207906,10314536.0,3136.7306821082784,32314072.0,4.97955838549907,9.050134658813477,4.97955838549907,9.050134658813477,4.97955838549907,9.050134658813477,4.97955838549907,9.050134658813477,4.97955838549907,9.050134658813477
ngc4303,SN1926A,II,185.4754,4.4934,248.12510207394456,387.43756648042245,-0.81909573,0.8172306,nan,0.000503635821363,185.47888,4.473744,16.99,312.4,23.5,206.59573,12m+7m+tp,/data/tycho/0/leroy.42/reduction/alma/phangs-alma/derived/ngc4303/ngc4303_12m+7m+tp_co21_150pc_broad_mom0.fits,/data/tycho/0/leroy.42/reduction/alma/phangs-alma/derived/ngc4303/ngc4303_12m+7m+tp_co21_150pc_broad_emom0.fits,/data/kant/0/sun.1608/PHANGS/ALMA/alphaCO/NGC4303_alphaCO21_Sun+20.fits,ngc4303_SN1926A_,342.78674359206354,2.474761962890625,753.3188952674144,6.689883708953857,1374.0690652957783,19.516071319580078,2324.8692837561057,58.663883209228516,5888.656028873586,187.29049682617188,342.78674359206354,2.474761962890625,787.8119850341664,1094886.017648474,1632.1249620713518,3308395.4542398695,2764.0220923465095,10783802.816151919,nan,nan,753.3188952674144,7.599118709564209,1064.3124240754935,9.10204029083252,173.86168820609467,1.7198883295059204,342.78674359206354,3.0984394550323486,620.4581082472704,5.199477195739746
ngc1511,SN1935C,unclassified,59.9373,-67.6374,112.46713980638378,194.45954575675466,2.5883038,0.76610756,nan,0.0004017774799122,59.90246,-67.63393,15.28,297.0,72.7,110.94844,12m+7m+tp,/data/tycho/0/leroy.42/reduction/alma/phangs-alma/derived/ngc1511/ngc1511_12m+7m+tp_co21_150pc_broad_mom0.fits,/data/tycho/0/leroy.42/reduction/alma/phangs-alma/derived/ngc1511/ngc1511_12m+7m+tp_co21_150pc_broad_emom0.fits,/data/kant/0/sun.1608/PHANGS/ALMA/alphaCO/NGC1511_alphaCO21_Sun+20.fits,ngc1511_SN1935C_,359.79566719711,2.006276845932007,728.671398862284,5.904321193695068,1084.3797730063711,19.35802459716797,4220.625997266784,61.48082733154297,4380.867250143712,195.67886352539062,23.782481914721185,2.006276845932007,692.2186277817725,1004630.7335784553,973.2905441038764,3330235.4472234678,4051.598142958687,10098199.305866424,nan,nan,654.9648544354292,7.167001724243164,692.9707604154104,9.202351570129395,16.298633960440384,2.962536096572876,23.782481914721185,3.1727781295776367,421.25550351678424,5.000575542449951
ngc0253,SN1940E,I,11.8783,-25.2934,296.9010534051223,236.26662905273994,219.30367,1.465811,45.862267,0.00232543637022,11.887966,-25.288443,3.7,52.48,75.0,803.7504,7m+tp,/data/tycho/0/leroy.42/reduction/alma/phangs-alma/derived/ngc0253/ngc0253_7m+tp_co21_150pc_broad_mom0.fits,/data/tycho/0/leroy.42/reduction/alma/phangs-alma/derived/ngc0253/ngc0253_7m+tp_co21_150pc_broad_emom0.fits,/data/kant/0/sun.1608/PHANGS/ALMA/alphaCO/NGC0253_alphaCO21_Sun+20.fits,ngc0253_SN1940E_,30.57009156537961,219.3036651611328,30.57009156537961,219.3036651611328,30.57009156537961,219.3036651611328,30.57009156537961,219.3036651611328,30.57009156537961,219.3036651611328,30.57009156537961,219.3036651611328,30.57009156537961,25051121.539413508,30.57009156537961,25051121.539413508,30.57009156537961,25051121.539413508,172.50886307740876,32268517.804338302,30.57009156537961,149.6125030517578,30.57009156537961,149.6125030517578,30.57009156537961,149.6125030517578,30.57009156537961,149.6125030517578,30.57009156537961,149.6125030517578
ngc5236,SN1950B,unclassified,204.2203,-29.8655,823.9876389446778,622.0369070359835,59.00484,0.7553258,5.7882247,0.000594044605435,204.2539,-29.865625,4.89,225.0,24.0,408.43347,12m+7m+tp,/data/tycho/0/leroy.42/reduction/alma/phangs-alma/derived/ngc5236/ngc5236_12m+7m+tp_co21_150pc_broad_mom0.fits,/data/tycho/0/leroy.42/reduction/alma/phangs-alma/derived/ngc5236/ngc5236_12m+7m+tp_co21_150pc_broad_emom0.fits,/data/kant/0/sun.1608/PHANGS/ALMA/alphaCO/NGC5236_alphaCO21_Sun+20.fits,ngc5236_SN1950B_,2.3875130608928066,60.489627838134766,2.3875130608928066,60.489627838134766,2.3875130608928066,60.489627838134766,2.3875130608928066,60.489627838134766,2315.302351453925,197.27586364746094,2.3875130608928066,60.489627838134766,2.3875130608928066,10332434.0,2.3875130608928066,10332434.0,2.3875130608928066,10332434.0,2315.302351453925,33697344.0,2.3875130608928066,209.21905517578125,2.3875130608928066,209.21905517578125,2.3875130608928066,209.21905517578125,2.3875130608928066,209.21905517578125,2.3875130608928066,209.21905517578125
ngc5236,SN1957D,unclassified,204.2647,-29.828,546.7621815937086,892.0135629822324,41.320827,0.6190958,5.3402543,0.000594044605435,204.2539,-29.865625,4.89,225.0,24.0,408.43347,12m+7m+tp,/data/tycho/0/leroy.42/reduction/alma/phangs-alma/derived/ngc5236/ngc5236_12m+7m+tp_co21_150pc_broad_mom0.fits,/data/tycho/0/leroy.42/reduction/alma/phangs-alma/derived/ngc5236/ngc5236_12m+7m+tp_co21_150pc_broad_emom0.fits,/data/kant/0/sun.1608/PHANGS/ALMA/alphaCO/NGC5236_alphaCO21_Sun+20.fits,ngc5236_SN1957D_,4.534993900911394,24.640588760375977,4.534993900911394,24.640588760375977,4.534993900911394,24.640588760375977,2282.886895763167,58.58537292480469,2976.546200204655,189.36669921875,4.534993900911394,24.640588760375977,4.534993900911394,4208940.5,4.534993900911394,4208940.5,2282.886895763167,10007161.0,2976.546200204655,32346354.0,4.534993900911394,101.86104583740234,4.534993900911394,101.86104583740234,4.534993900911394,101.86104583740234,4.534993900911394,101.86104583740234,4.534993900911394,101.86104583740234
ngc4321,SN1959E,I,185.7454,15.817,126.93916867260555,215.7177371879258,18.02512,1.2416003,7.186052,0.000462934650464,185.72887,15.822304,15.21,156.2,38.5,182.86105,12m+7m+tp,/data/tycho/0/leroy.42/reduction/alma/phangs-alma/derived/ngc4321/ngc4321_12m+7m+tp_co21_150pc_broad_mom0.fits,/data/tycho/0/leroy.42/reduction/alma/phangs-alma/derived/ngc4321/ngc4321_12m+7m+tp_co21_150pc_broad_emom0.fits,/data/kant/0/sun.1608/PHANGS/ALMA/alphaCO/NGC4321_alphaCO21_Sun+20.fits,ngc4321_SN1959E_,10.65649565432733,17.461816787719727,10.65649565432733,17.461816787719727,28.15113692543749,20.284095764160156,4206.0084983323395,59.956966400146484,4594.245515787172,196.92910766601562,10.65649565432733,17.461816787719727,10.65649565432733,2522682.413249847,64.28768855373218,3164704.133778134,4284.451276369186,10038049.90804573,5010.712186659699,32456688.362157315,10.65649565432733,17.701244354248047,10.65649565432733,17.701244354248047,10.65649565432733,17.701244354248047,10.65649565432733,17.701244354248047,10.65649565432733,17.701244354248047
ngc4496a,SN1960F,Ia,187.9252,3.9466,66.42165125156563,353.7510142763567,0.02642009,0.8255818,nan,0.0003482539090036,187.91354,3.939608,14.86,51.1,53.8,101.18619,12m+7m+tp,/data/tycho/0/leroy.42/reduction/alma/phangs-alma/derived/ngc4496a/ngc4496a_12m+7m+tp_co21_150pc_broad_mom0.fits,/data/tycho/0/leroy.42/reduction/alma/phangs-alma/derived/ngc4496a/ngc4496a_12m+7m+tp_co21_150pc_broad_emom0.fits,/data/kant/0/sun.1608/PHANGS/ALMA/alphaCO/NGC4496A_alphaCO21_Sun+20.fits,ngc4496a_SN1960F_,108.2132339328936,2.2644426822662354,152.3187192846035,5.989070892333984,nan,nan,nan,nan,nan,nan,108.2132339328936,2.2644426822662354,152.3187192846035,1281669.1037178591,229.6460558022496,3272247.06144887,nan,nan,nan,nan,139.03629885616638,7.704400539398193,152.3187192846035,10.52977466583252,61.258354206724256,1.1180511713027954,108.2132339328936,3.9715607166290283,121.69763142678433,5.926366806030273
ngc4303,SN1961I,II,185.5018,4.4704,10.519872860778008,180.66992451107234,1.7587852,1.9515179,nan,0.000503635821363,185.47888,4.473744,16.99,312.4,23.5,206.59573,12m+7m+tp,/data/tycho/0/leroy.42/reduction/alma/phangs-alma/derived/ngc4303/ngc4303_12m+7m+tp_co21_150pc_broad_mom0.fits,/data/tycho/0/leroy.42/reduction/alma/phangs-alma/derived/ngc4303/ngc4303_12m+7m+tp_co21_150pc_broad_emom0.fits,/data/kant/0/sun.1608/PHANGS/ALMA/alphaCO/NGC4303_alphaCO21_Sun+20.fits,ngc4303_SN1961I_,271.1220951817008,5.3403000831604,288.4290014351114,6.532375335693359,796.7532484440807,18.724332809448242,6296.553006450939,62.179664611816406,6946.505215067836,185.2025604248047,271.1220951817008,5.3403000831604,288.4290014351114,1045625.9566135238,830.2608391242726,3244582.4335259907,6330.754063826803,10253855.790781155,nan,nan,553.0976479231012,7.446117877960205,586.8039871205931,9.353092193603516,39.55008081006361,1.05087149143219,271.1220951817008,3.5849831104278564,316.20367972200705,5.083737850189209
ngc4303,SN1964F,II,185.4698,4.4738,297.942418412107,211.18798785622457,2.9759102,0.99257433,2.2395327,0.000503635821363,185.47888,4.473744,16.99,312.4,23.5,206.59573,12m+7m+tp,/data/tycho/0/leroy.42/reduction/alma/phangs-alma/derived/ngc4303/ngc4303_12m+7m+tp_co21_150pc_broad_mom0.fits,/data/tycho/0/leroy.42/reduction/alma/phangs-alma/derived/ngc4303/ngc4303_12m+7m+tp_co21_150pc_broad_emom0.fits,/data/kant/0/sun.1608/PHANGS/ALMA/alphaCO/NGC4303_alphaCO21_Sun+20.fits,ngc4303_SN1964F_,19.267465489400372,3.621992349624634,42.32151212440632,6.497021198272705,1534.21436355777,20.01951026916504,2134.7037001966473,62.459285736083984,2269.693672005843,187.4920654296875,19.267465489400372,3.621992349624634,67.2324733737856,1143774.9405828118,1559.4451144313002,3389965.67493187,2184.155716107064,10372441.942727802,nan,nan,67.2324733737856,9.297468185424805,67.2324733737856,9.297468185424805,15.540403039198011,2.998173713684082,19.267465489400372,3.661780834197998,38.170461429303884,5.018499851226807
ngc4254,SN1967H,II,184.7184,14.414,158.450493073382,175.1800627591864,13.982137,0.832084,5.9410896,0.000494815869629,184.7068,14.416412,13.1,68.1,34.4,151.0502,12m+7m+tp,/data/tycho/0/leroy.42/reduction/alma/phangs-alma/derived/ngc4254/ngc4254_12m+7m+tp_co21_150pc_broad_mom0.fits,/data/tycho/0/leroy.42/reduction/alma/phangs-alma/derived/ngc4254/ngc4254_12m+7m+tp_co21_150pc_broad_emom0.fits,/data/kant/0/sun.1608/PHANGS/ALMA/alphaCO/NGC4254_alphaCO21_Sun+20.fits,ngc4254_SN1967H_,8.088649613442417,14.161813735961914,8.088649613442417,14.161813735961914,205.7636952278847,18.614511489868164,608.4485339382866,60.12942123413086,nan,nan,8.088649613442417,14.161813735961914,8.088649613442417,2196940.21959595,234.5026057780198,3301273.190109389,1551.7895267696367,11062103.581593221,nan,nan,8.088649613442417,24.022611618041992,8.088649613442417,24.022611618041992,8.088649613442417,24.022611618041992,8.088649613442417,24.022611618041992,8.088649613442417,24.022611618041992
ngc5236,SN1968L,II,204.252,-29.8665,625.9979098150186,615.2835430994201,157.89561,1.1755879,14.017309,0.000594044605435,204.2539,-29.865625,4.89,225.0,24.0,408.43347,12m+7m+tp,/data/tycho/0/leroy.42/reduction/alma/phangs-alma/derived/ngc5236/ngc5236_12m+7m+tp_co21_150pc_broad_mom0.fits,/data/tycho/0/leroy.42/reduction/alma/phangs-alma/derived/ngc5236/ngc5236_12m+7m+tp_co21_150pc_broad_emom0.fits,/data/kant/0/sun.1608/PHANGS/ALMA/alphaCO/NGC5236_alphaCO21_Sun+20.fits,ngc5236_SN1968L_,0.2318617484057499,222.9096221923828,0.2318617484057499,222.9096221923828,0.2318617484057499,222.9096221923828,0.2318617484057499,222.9096221923828,0.2318617484057499,222.9096221923828,0.2318617484057499,222.9096221923828,0.2318617484057499,38075932.0,0.2318617484057499,38075932.0,0.2318617484057499,38075932.0,0.2318617484057499,38075932.0,0.2318617484057499,627.7263793945312,0.2318617484057499,627.7263793945312,0.2318617484057499,627.7263793945312,0.2318617484057499,627.7263793945312,0.2318617484057499,627.7263793945312
ngc4254,SN1972Q,II,184.7107,14.4443,212.1103782901225,393.17823595201406,2.592284,0.633742,1.7487494,0.000494815869629,184.7068,14.416412,13.1,68.1,34.4,151.0502,12m+7m+tp,/data/tycho/0/leroy.42/reduction/alma/phangs-alma/derived/ngc4254/ngc4254_12m+7m+tp_co21_150pc_broad_mom0.fits,/data/tycho/0/leroy.42/reduction/alma/phangs-alma/derived/ngc4254/ngc4254_12m+7m+tp_co21_150pc_broad_emom0.fits,/data/kant/0/sun.1608/PHANGS/ALMA/alphaCO/NGC4254_alphaCO21_Sun+20.fits,ngc4254_SN1972Q_,4.082603353940457,2.2311129570007324,336.07051367057295,5.857431411743164,873.8988670893203,18.910396575927734,4402.90913117251,59.23017501831055,nan,nan,4.082603353940457,2.2311129570007324,262.8809342730435,1072048.1072646372,809.3866314223939,3251071.3893098296,4441.314696484143,10180238.607720554,nan,nan,74.37592054210404,7.90675163269043,269.1723486354282,9.215085983276367,4.082603353940457,5.0416259765625,4.082603353940457,5.0416259765625,4.082603353940457,5.0416259765625
ngc3627,SN1973R,II,170.0481,12.9977,338.11789529651713,488.6861242824415,10.426507,1.2085319,8.859421,0.0004517319625788,170.06252,12.9915,11.32,173.1,57.3,308.40494,12m+7m+tp,/data/tycho/0/leroy.42/reduction/alma/phangs-alma/derived/ngc3627/ngc3627_12m+7m+tp_co21_150pc_broad_mom0.fits,/data/tycho/0/leroy.42/reduction/alma/phangs-alma/derived/ngc3627/ngc3627_12m+7m+tp_co21_150pc_broad_emom0.fits,/data/kant/0/sun.1608/PHANGS/ALMA/alphaCO/NGC3627_alphaCO21_Sun+20.fits,ngc3627_SN1973R_,7.336047333005577,11.580377578735352,7.336047333005577,11.580377578735352,120.07247155352718,18.877798080444336,762.7423026053253,59.14208984375,3458.111778154869,186.09609985351562,7.336047333005577,11.580377578735352,7.336047333005577,1704005.3535072093,162.621245557664,3421304.2161209704,842.0378192998365,10573914.66223477,3630.740787765528,31837752.460521176,7.336047333005577,18.310056686401367,7.336047333005577,18.310056686401367,7.336047333005577,18.310056686401367,7.336047333005577,18.310056686401367,7.336047333005577,18.310056686401367
ngc4321,SN1979C,II,185.7442,15.7978,137.4013906720773,42.69608917129949,1.4573174,0.79451734,nan,0.000462934650464,185.72887,15.822304,15.21,156.2,38.5,182.86105,12m+7m+tp,/data/tycho/0/leroy.42/reduction/alma/phangs-alma/derived/ngc4321/ngc4321_12m+7m+tp_co21_150pc_broad_mom0.fits,/data/tycho/0/leroy.42/reduction/alma/phangs-alma/derived/ngc4321/ngc4321_12m+7m+tp_co21_150pc_broad_emom0.fits,/data/kant/0/sun.1608/PHANGS/ALMA/alphaCO/NGC4321_alphaCO21_Sun+20.fits,ngc4321_SN1979C_,96.96833984548938,2.022798776626587,701.7931123116823,6.233104705810547,1088.9914322166658,18.575889587402344,1444.333057748289,65.36576843261719,7082.429541283296,195.5511474609375,96.96833984548938,2.022798776626587,701.7931123116823,1003511.0169087126,1125.3618193941177,3227087.160195354,1444.333057748289,10014637.319495222,7511.337923641237,33917414.42532357,236.8994727207657,7.852555274963379,873.2842869666347,9.18446159362793,14.864433432993032,2.364112377166748,96.96833984548938,3.021937847137451,200.78758937149792,6.161630630493164
ngc4536,SN1981B,Ia,188.6231,2.1998,356.9734161220465,540.0478012960401,0.042755257,0.33802134,nan,0.0004100974881516,188.61278,2.188243,16.25,305.6,66.0,212.38373,12m+7m+tp,/data/tycho/0/leroy.42/reduction/alma/phangs-alma/derived/ngc4536/ngc4536_12m+7m+tp_co21_150pc_broad_mom0.fits,/data/tycho/0/leroy.42/reduction/alma/phangs-alma/derived/ngc4536/ngc4536_12m+7m+tp_co21_150pc_broad_emom0.fits,/data/kant/0/sun.1608/PHANGS/ALMA/alphaCO/NGC4536_alphaCO21_Sun+20.fits,ngc4536_SN1981B_,374.2684537021926,1.9655729532241821,4841.294177011161,5.930254936218262,8755.354183994627,19.92277717590332,8963.020481761632,60.26820373535156,10258.727040244226,191.53207397460938,325.0958781541451,1.9655729532241821,3329.2526959588636,1067731.4021084222,8800.68844482741,3613632.0529044275,9053.843926747564,10516198.519285623,10352.025677455875,31782869.039171547,948.5672987775947,7.092623233795166,3234.947516173715,9.428165435791016,38.78267082719364,1.1686378717422485,215.12582595739067,3.3287878036499023,360.9134761360985,5.0224151611328125
ngc5236,SN1983N,Ib,204.2135,-29.9006,866.565592737917,369.37333275036656,2.8444028,0.6853391,nan,0.000594044605435,204.2539,-29.865625,4.89,225.0,24.0,408.43347,12m+7m+tp,/data/tycho/0/leroy.42/reduction/alma/phangs-alma/derived/ngc5236/ngc5236_12m+7m+tp_co21_150pc_broad_mom0.fits,/data/tycho/0/leroy.42/reduction/alma/phangs-alma/derived/ngc5236/ngc5236_12m+7m+tp_co21_150pc_broad_emom0.fits,/data/kant/0/sun.1608/PHANGS/ALMA/alphaCO/NGC5236_alphaCO21_Sun+20.fits,ngc5236_SN1983N_,54.325387077456725,1.8616448640823364,219.60927061166515,6.07979679107666,1108.5979762056477,18.57708168029785,1648.6485524497596,59.59466552734375,3640.1357215623984,186.05697631835938,54.325387077456725,1.8616448640823364,219.60927061166515,1038510.25,1108.5979762056477,3173213.0,1648.6485524497596,10179562.0,3640.1357215623984,31781008.0,144.89328005395618,7.032066345214844,162.17779068287234,9.065372467041016,7.073823180658009,5.2360687255859375,7.073823180658009,5.2360687255859375,7.073823180658009,5.2360687255859375
ngc1365,SN1983V,Ic,53.3819,-36.1486,571.5153905023813,127.96380165601636,5.781725,1.1458964,3.55028,0.0003829740084505,53.40152,-36.140404,19.57,201.1,55.4,360.67926,12m+7m+tp,/data/tycho/0/leroy.42/reduction/alma/phangs-alma/derived/ngc1365/ngc1365_12m+7m+tp_co21_150pc_broad_mom0.fits,/data/tycho/0/leroy.42/reduction/alma/phangs-alma/derived/ngc1365/ngc1365_12m+7m+tp_co21_150pc_broad_emom0.fits,/data/kant/0/sun.1608/PHANGS/ALMA/alphaCO/NGC1365_alphaCO21_Sun+20.fits,ngc1365_SN1983V_,12.759013584611813,5.265270233154297,66.17390589066842,5.97422981262207,458.1641448835059,18.591840744018555,3858.679612925075,61.703208923339844,5212.899825487941,187.46434020996094,12.759013584611813,5.265270233154297,241.94767446597095,1117129.2602015901,1149.6397693832407,3209288.722712777,4068.7433267442775,10246243.945273032,5528.237312252735,32130307.797157433,194.65271883890694,7.302624225616455,225.8981667684753,9.143956184387207,12.759013584611813,5.394262790679932,12.759013584611813,5.394262790679932,12.759013584611813,5.394262790679932
ngc1559,SN1984J,II,64.3981,-62.7855,401.8666980189084,333.24994708294645,14.340408,1.563591,4.6562567,0.0003463939709418,64.40238,-62.78341,19.44,244.5,65.4,125.63808,12m+7m+tp,/data/tycho/0/leroy.42/reduction/alma/phangs-alma/derived/ngc1559/ngc1559_12m+7m+tp_co21_150pc_broad_mom0.fits,/data/tycho/0/leroy.42/reduction/alma/phangs-alma/derived/ngc1559/ngc1559_12m+7m+tp_co21_150pc_broad_emom0.fits,/data/kant/0/sun.1608/PHANGS/ALMA/alphaCO/NGC1559_alphaCO21_Sun+20.fits,ngc1559_SN1984J_,12.8778283056132,13.6697416305542,12.8778283056132,13.6697416305542,116.65647594219355,18.770503997802734,1355.7191080328726,58.74265670776367,nan,nan,12.8778283056132,13.6697416305542,12.8778283056132,1732405.269249698,594.4445566633527,3341851.7452444825,3402.186356627187,10366677.62680326,nan,nan,12.8778283056132,11.623795509338379,12.8778283056132,11.623795509338379,12.8778283056132,11.623795509338379,12.8778283056132,11.623795509338379,12.8778283056132,11.623795509338379
ngc1433,SN1985P,II,55.5264,-47.21,263.1913087181251,432.8497774993816,0.263965,0.58992827,nan,0.0003049153591757,55.506195,-47.221943,18.63,199.7,28.6,185.83234,12m+7m+tp,/data/tycho/0/leroy.42/reduction/alma/phangs-alma/derived/ngc1433/ngc1433_12m+7m+tp_co21_150pc_broad_mom0.fits,/data/tycho/0/leroy.42/reduction/alma/phangs-alma/derived/ngc1433/ngc1433_12m+7m+tp_co21_150pc_broad_emom0.fits,/data/kant/0/sun.1608/PHANGS/ALMA/alphaCO/NGC1433_alphaCO21_Sun+20.fits,ngc1433_SN1985P_,195.34567604068135,1.93169367313385,2171.8435285386677,6.240340709686279,4411.64455891084,18.83663558959961,5271.384293739921,62.32308578491211,5847.225872851784,198.546875,225.44042474522232,1.93169367313385,2241.952634665646,1033734.4326991035,4578.674770387847,3222820.408421906,5353.6733796104645,10082909.58003792,nan,nan,489.1698612754391,7.14287805557251,549.6151118047736,9.023707389831543,28.76393543401278,1.1298246383666992,170.06532488787198,3.418252468109131,209.12345149504182,5.319051265716553
ngc5128,SN1986G,Ia,201.4021,-43.0317,158.37238583480186,116.90819961198207,9.314563,0.9835508,8.594614,0.002258955715078,201.36507,-43.01911,3.69,32.17,45.33,767.57574,7m+tp,/data/tycho/0/leroy.42/reduction/alma/phangs-alma/derived/ngc5128/ngc5128_7m+tp_co21_150pc_broad_mom0.fits,/data/tycho/0/leroy.42/reduction/alma/phangs-alma/derived/ngc5128/ngc5128_7m+tp_co21_150pc_broad_emom0.fits,/data/kant/0/sun.1608/PHANGS/ALMA/alphaCO/NGC5128_alphaCO21_Sun+20.fits,ngc5128_SN1986G_,14.009407348392163,9.314562797546387,14.009407348392163,9.314562797546387,110.94459532315315,19.223201751708984,478.9572766517931,59.95066833496094,nan,nan,14.009407348392163,9.314562797546387,14.009407348392163,1591051.375,110.94459532315315,3283578.75,478.9572766517931,10240372.0,nan,nan,14.009407348392163,9.470342636108398,14.009407348392163,9.470342636108398,14.009407348392163,9.470342636108398,14.009407348392163,9.470342636108398,14.009407348392163,9.470342636108398
ngc4254,SN1986I,II,184.7169,14.4123,168.59519354706515,162.34558085229372,4.968932,0.9254001,5.5154977,0.000494815869629,184.7068,14.416412,13.1,68.1,34.4,151.0502,12m+7m+tp,/data/tycho/0/leroy.42/reduction/alma/phangs-alma/derived/ngc4254/ngc4254_12m+7m+tp_co21_150pc_broad_mom0.fits,/data/tycho/0/leroy.42/reduction/alma/phangs-alma/derived/ngc4254/ngc4254_12m+7m+tp_co21_150pc_broad_emom0.fits,/data/kant/0/sun.1608/PHANGS/ALMA/alphaCO/NGC4254_alphaCO21_Sun+20.fits,ngc4254_SN1986I_,20.66585283424345,10.533950805664062,20.66585283424345,10.533950805664062,90.32157257879365,20.95405387878418,657.4156336052388,59.10130310058594,nan,nan,20.66585283424345,10.533950805664062,20.66585283424345,1605143.8514422118,90.32157257879365,3189063.621756265,1832.9867959598255,11062103.581593221,nan,nan,20.66585283424345,15.902466773986816,20.66585283424345,15.902466773986816,20.66585283424345,15.902466773986816,20.66585283424345,15.902466773986816,20.66585283424345,15.902466773986816
ngc1559,SN1986L,II,64.374,-62.7846,534.0347426789208,343.2629591363379,1.4593294,1.2151972,nan,0.0003463939709418,64.40238,-62.78341,19.44,244.5,65.4,125.63808,12m+7m+tp,/data/tycho/0/leroy.42/reduction/alma/phangs-alma/derived/ngc1559/ngc1559_12m+7m+tp_co21_150pc_broad_mom0.fits,/data/tycho/0/leroy.42/reduction/alma/phangs-alma/derived/ngc1559/ngc1559_12m+7m+tp_co21_150pc_broad_emom0.fits,/data/kant/0/sun.1608/PHANGS/ALMA/alphaCO/NGC1559_alphaCO21_Sun+20.fits,ngc1559_SN1986L_,250.40500480337445,2.7693965435028076,403.7294592256838,6.992334842681885,1117.3187896395432,20.36133575439453,1508.4836471187975,59.949066162109375,nan,nan,250.40500480337445,2.7693965435028076,373.2363008311516,1162647.58289822,1117.3187896395432,3521358.696084456,1513.3909752262475,10278595.276275331,nan,nan,403.7294592256838,8.331950187683105,435.4519855547125,9.358800888061523,12.842682107139346,2.500541925430298,250.40500480337445,3.252619981765747,342.9685595793639,5.602878570556641
ngc4579,SN1988A,II,189.4315,11.8054,233.14224213710693,131.82600135972788,0.74249816,0.55413073,nan,0.0004983384385216,189.43138,11.818217,21.0,91.3,40.22,150.35619,12m+7m+tp,/data/tycho/0/leroy.42/reduction/alma/phangs-alma/derived/ngc4579/ngc4579_12m+7m+tp_co21_150pc_broad_mom0.fits,/data/tycho/0/leroy.42/reduction/alma/phangs-alma/derived/ngc4579/ngc4579_12m+7m+tp_co21_150pc_broad_emom0.fits,/data/kant/0/sun.1608/PHANGS/ALMA/alphaCO/NGC4579_alphaCO21_Sun+20.fits,ngc4579_SN1988A_,nan,nan,nan,nan,nan,nan,nan,nan,nan,nan,nan,nan,nan,nan,nan,nan,nan,nan,nan,nan,nan,nan,nan,nan,nan,nan,nan,nan,nan,nan
ngc4496a,SN1988M,II,187.9206,3.9228,121.82912063119215,67.85704784599295,0.0,0.52312535,nan,0.0003482539090036,187.91354,3.939608,14.86,51.1,53.8,101.18619,12m+7m+tp,/data/tycho/0/leroy.42/reduction/alma/phangs-alma/derived/ngc4496a/ngc4496a_12m+7m+tp_co21_150pc_broad_mom0.fits,/data/tycho/0/leroy.42/reduction/alma/phangs-alma/derived/ngc4496a/ngc4496a_12m+7m+tp_co21_150pc_broad_emom0.fits,/data/kant/0/sun.1608/PHANGS/ALMA/alphaCO/NGC4496A_alphaCO21_Sun+20.fits,ngc4496a_SN1988M_,294.70550755480764,1.8842064142227173,5457.447075225254,6.036888599395752,nan,nan,nan,nan,nan,nan,211.77130212883836,1.8842064142227173,322.18722348986455,1158925.4690325756,5965.496267926743,3310065.9035710176,nan,nan,nan,nan,336.41691882621274,7.659011363983154,407.3899319179404,9.174755096435547,195.39814905084714,3.248188018798828,195.39814905084714,3.248188018798828,243.77955028831184,5.052117347717285
ngc3627,SN1989B,Ia,170.058,13.0053,251.5371313808383,556.7930397399508,18.840698,1.5260814,11.721322,0.0004517319625788,170.06252,12.9915,11.32,173.1,57.3,308.40494,12m+7m+tp,/data/tycho/0/leroy.42/reduction/alma/phangs-alma/derived/ngc3627/ngc3627_12m+7m+tp_co21_150pc_broad_mom0.fits,/data/tycho/0/leroy.42/reduction/alma/phangs-alma/derived/ngc3627/ngc3627_12m+7m+tp_co21_150pc_broad_emom0.fits,/data/kant/0/sun.1608/PHANGS/ALMA/alphaCO/NGC3627_alphaCO21_Sun+20.fits,ngc3627_SN1989B_,12.455637161524647,28.70233726501465,12.455637161524647,28.70233726501465,12.455637161524647,28.70233726501465,52.6857494984878,68.47909545898438,201.80137040394584,190.19137573242188,12.455637161524647,28.70233726501465,12.455637161524647,3698219.9109033053,12.455637161524647,3698219.9109033053,72.13870379549208,10040025.354812736,288.81283204446595,31652165.85198395,12.455637161524647,35.57337951660156,12.455637161524647,35.57337951660156,12.455637161524647,35.57337951660156,12.455637161524647,35.57337951660156,12.455637161524647,35.57337951660156
ngc4579,SN1989M,Ia,189.4196,11.8237,316.7719766068988,263.7397060955327,7.6893353,0.5786358,4.3720036,0.0004983384385216,189.43138,11.818217,21.0,91.3,40.22,150.35619,12m+7m+tp,/data/tycho/0/leroy.42/reduction/alma/phangs-alma/derived/ngc4579/ngc4579_12m+7m+tp_co21_150pc_broad_mom0.fits,/data/tycho/0/leroy.42/reduction/alma/phangs-alma/derived/ngc4579/ngc4579_12m+7m+tp_co21_150pc_broad_emom0.fits,/data/kant/0/sun.1608/PHANGS/ALMA/alphaCO/NGC4579_alphaCO21_Sun+20.fits,ngc4579_SN1989M_,nan,nan,nan,nan,nan,nan,nan,nan,nan,nan,nan,nan,nan,nan,nan,nan,nan,nan,nan,nan,nan,nan,nan,nan,nan,nan,nan,nan,nan,nan
ngc1097,SN1992bd,II,41.5792,-30.2756,291.5099030167368,315.426803230518,296.15988,2.0283754,45.82589,0.0004711325009833,41.578957,-30.274675,13.58,122.4,48.6,317.0452,12m+7m+tp,/data/tycho/0/leroy.42/reduction/alma/phangs-alma/derived/ngc1097/ngc1097_12m+7m+tp_co21_150pc_broad_mom0.fits,/data/tycho/0/leroy.42/reduction/alma/phangs-alma/derived/ngc1097/ngc1097_12m+7m+tp_co21_150pc_broad_emom0.fits,/data/kant/0/sun.1608/PHANGS/ALMA/alphaCO/NGC1097_alphaCO21_Sun+20.fits,ngc1097_SN1992bd_,13.211165591673028,260.3741149902344,13.211165591673028,260.3741149902344,13.211165591673028,260.3741149902344,13.211165591673028,260.3741149902344,13.211165591673028,260.3741149902344,13.211165591673028,260.3741149902344,13.211165591673028,27923714.478954595,13.211165591673028,27923714.478954595,13.211165591673028,27923714.478954595,39.223452462985804,37201568.491263494,13.211165591673028,174.52407836914062,13.211165591673028,174.52407836914062,13.211165591673028,174.52407836914062,13.211165591673028,174.52407836914062,13.211165591673028,174.52407836914062
ngc2775,SN1993Z,Ia,137.5816,7.0278,238.87645821251908,127.10339065992463,-0.38350943,1.6052351,nan,0.0003033655107496,137.58395,7.038066,23.15,156.5,41.2,127.38587,12m+7m+tp,/data/tycho/0/leroy.42/reduction/alma/phangs-alma/derived/ngc2775/ngc2775_12m+7m+tp_co21_150pc_broad_mom0.fits,/data/tycho/0/leroy.42/reduction/alma/phangs-alma/derived/ngc2775/ngc2775_12m+7m+tp_co21_150pc_broad_emom0.fits,/data/kant/0/sun.1608/PHANGS/ALMA/alphaCO/NGC2775_alphaCO21_Sun+20.fits,ngc2775_SN1993Z_,184.60691120167078,4.025117874145508,313.50125808117735,6.139892578125,nan,nan,nan,nan,nan,nan,184.60691120167078,4.025117874145508,313.50125808117735,1048775.375,nan,nan,nan,nan,nan,nan,450.2986902724884,7.521860599517822,577.3427246002448,9.090339660644531,40.57538424356067,1.075447916984558,184.60691120167078,3.372889995574951,407.45196302460914,5.3228960037231445
ngc1087,SN1995V,II,41.6115,-0.4988,161.4198245203906,287.6499560537321,11.513839,1.1399242,5.175495,0.0004451676280474,41.60492,-0.498717,15.85,359.1,42.9,89.14999,12m+7m+tp,/data/tycho/0/leroy.42/reduction/alma/phangs-alma/derived/ngc1087/ngc1087_12m+7m+tp_co21_150pc_broad_mom0.fits,/data/tycho/0/leroy.42/reduction/alma/phangs-alma/derived/ngc1087/ngc1087_12m+7m+tp_co21_150pc_broad_emom0.fits,/data/kant/0/sun.1608/PHANGS/ALMA/alphaCO/NGC1087_alphaCO21_Sun+20.fits,ngc1087_SN1995V_,13.646047502189571,12.753849029541016,13.646047502189571,12.753849029541016,640.3166744441254,18.676807403564453,1876.5354349603913,62.60198211669922,nan,nan,13.646047502189571,12.753849029541016,13.646047502189571,2155723.6181955445,662.2966195489099,3255604.026622281,1907.8347672791663,10467899.071846304,nan,nan,13.646047502189571,14.062186241149902,13.646047502189571,14.062186241149902,13.646047502189571,14.062186241149902,13.646047502189571,14.062186241149902,13.646047502189571,14.062186241149902
circinus,SN1996cr,II,213.2918,-65.3457,86.56761411031889,84.63433198287285,186.84804,2.137819,34.56537,0.002032163908078,213.29124,-65.33915,4.2,36.74,64.3,262.49515,7m+tp,/data/tycho/0/leroy.42/reduction/alma/phangs-alma/derived/circinus/circinus_7m+tp_co21_150pc_broad_mom0.fits,/data/tycho/0/leroy.42/reduction/alma/phangs-alma/derived/circinus/circinus_7m+tp_co21_150pc_broad_emom0.fits,/data/kant/0/sun.1608/PHANGS/ALMA/alphaCO/ESO097-013_alphaCO21_Sun+20.fits,circinus_SN1996cr_,32.20571074533962,170.42623901367188,32.20571074533962,170.42623901367188,32.20571074533962,170.42623901367188,32.20571074533962,170.42623901367188,32.2670317391334,201.25888061523438,32.20571074533962,170.42623901367188,32.20571074533962,21802756.354290895,32.20571074533962,21802756.354290895,32.20571074533962,21802756.354290895,470.4417934320387,39057194.333950214,32.20571074533962,81.27533721923828,32.20571074533962,81.27533721923828,32.20571074533962,81.27533721923828,32.20571074533962,81.27533721923828,32.20571074533962,81.27533721923828
ngc3627,SN1997bs,II,170.0593,12.9721,240.2745630279348,257.98955856828013,3.3910942,1.3470774,nan,0.0004517319625788,170.06252,12.9915,11.32,173.1,57.3,308.40494,12m+7m+tp,/data/tycho/0/leroy.42/reduction/alma/phangs-alma/derived/ngc3627/ngc3627_12m+7m+tp_co21_150pc_broad_mom0.fits,/data/tycho/0/leroy.42/reduction/alma/phangs-alma/derived/ngc3627/ngc3627_12m+7m+tp_co21_150pc_broad_emom0.fits,/data/kant/0/sun.1608/PHANGS/ALMA/alphaCO/NGC3627_alphaCO21_Sun+20.fits,ngc3627_SN1997bs_,6.110750871314156,5.636970520019531,23.889787290951478,6.467590808868408,217.46589383613806,19.319107055664062,3051.5853493384316,59.634681701660156,3445.151483739849,198.62364196777344,6.110750871314156,5.636970520019531,34.59592809184257,1084613.887349486,1614.7019982682348,3343454.9975991463,3076.798605297623,10243647.911273403,3520.1214283650465,32473584.1204776,6.110750871314156,7.043044567108154,34.59592809184257,9.705832481384277,6.110750871314156,7.043044567108154,6.110750871314156,7.043044567108154,6.110750871314156,7.043044567108154
ngc1637,SN1999em,II,70.3629,-2.8626,366.390481532442,201.78455433264878,2.9875822,0.48953336,3.6040678,0.0003862486059138,70.36741,-2.857962,11.7,20.61,31.1,95.30621,12m+7m+tp,/data/tycho/0/leroy.42/reduction/alma/phangs-alma/derived/ngc1637/ngc1637_12m+7m+tp_co21_150pc_broad_mom0.fits,/data/tycho/0/leroy.42/reduction/alma/phangs-alma/derived/ngc1637/ngc1637_12m+7m+tp_co21_150pc_broad_emom0.fits,/data/kant/0/sun.1608/PHANGS/ALMA/alphaCO/NGC1637_alphaCO21_Sun+20.fits,ngc1637_SN1999em_,4.2192527318370745,2.7754342555999756,154.44501353846496,5.876096248626709,959.7927376487922,18.687671661376953,1154.8676588853605,58.994998931884766,1321.3139843590384,187.64474487304688,4.2192527318370745,2.7754342555999756,138.56629313449665,1039940.0676232167,1055.927222225248,3201428.1589571536,1191.3868921006667,10409603.442495639,nan,nan,4.2192527318370745,11.63059139251709,4.2192527318370745,11.63059139251709,4.2192527318370745,11.63059139251709,4.2192527318370745,11.63059139251709,4.2192527318370745,11.63059139251709
ngc1097,SN1999eu,II,41.5866,-30.3184,245.2470996170838,7.223039949207134,0.0,0.7541714,nan,0.0004711325009833,41.578957,-30.274675,13.58,122.4,48.6,317.0452,12m+7m+tp,/data/tycho/0/leroy.42/reduction/alma/phangs-alma/derived/ngc1097/ngc1097_12m+7m+tp_co21_150pc_broad_mom0.fits,/data/tycho/0/leroy.42/reduction/alma/phangs-alma/derived/ngc1097/ngc1097_12m+7m+tp_co21_150pc_broad_emom0.fits,/data/kant/0/sun.1608/PHANGS/ALMA/alphaCO/NGC1097_alphaCO21_Sun+20.fits,ngc1097_SN1999eu_,556.5599733157865,1.9549763202667236,6423.255336323128,6.406509876251221,6549.959769745981,19.56014060974121,10225.792689872727,59.72481918334961,12849.433533168558,185.25680541992188,279.6432954572124,1.9549763202667236,1073.398364114337,1075777.3188488148,6549.959769745981,3428938.91921302,12018.899771001968,10305676.272910638,12938.86196778994,32904835.093581248,776.371259902654,7.038405418395996,6423.255336323128,10.662693977355957,255.44186682169106,1.6444770097732544,279.6432954572124,3.554716110229492,556.5599733157865,5.434122562408447
ngc4303,SN1999gn,II,185.4876,4.4627,138.25424596598214,111.34214667332682,7.4857783,0.91948825,3.686139,0.000503635821363,185.47888,4.473744,16.99,312.4,23.5,206.59573,12m+7m+tp,/data/tycho/0/leroy.42/reduction/alma/phangs-alma/derived/ngc4303/ngc4303_12m+7m+tp_co21_150pc_broad_mom0.fits,/data/tycho/0/leroy.42/reduction/alma/phangs-alma/derived/ngc4303/ngc4303_12m+7m+tp_co21_150pc_broad_emom0.fits,/data/kant/0/sun.1608/PHANGS/ALMA/alphaCO/NGC4303_alphaCO21_Sun+20.fits,ngc4303_SN1999gn_,20.268616500006676,6.382997035980225,20.268616500006676,6.382997035980225,117.09576862267127,20.694459915161133,1596.1358424373552,58.66224670410156,4089.9178710286074,186.79519653320312,20.268616500006676,6.382997035980225,21.492248677685637,1026057.0770958929,151.196372953022,3238224.7140315627,3150.4398217946896,10261033.310057007,nan,nan,20.268616500006676,7.0804595947265625,48.30491167365699,10.463611602783203,20.268616500006676,7.0804595947265625,20.268616500006676,7.0804595947265625,20.268616500006676,7.0804595947265625
ngc1365,SN2001du,II,53.3713,-36.1421,673.9024849664049,205.70404673775522,3.0703216,1.3357118,nan,0.0003829740084505,53.40152,-36.140404,19.57,201.1,55.4,360.67926,12m+7m+tp,/data/tycho/0/leroy.42/reduction/alma/phangs-alma/derived/ngc1365/ngc1365_12m+7m+tp_co21_150pc_broad_mom0.fits,/data/tycho/0/leroy.42/reduction/alma/phangs-alma/derived/ngc1365/ngc1365_12m+7m+tp_co21_150pc_broad_emom0.fits,/data/kant/0/sun.1608/PHANGS/ALMA/alphaCO/NGC1365_alphaCO21_Sun+20.fits,ngc1365_SN2001du_,175.4533798560515,3.7032885551452637,233.55209470338443,6.387206077575684,2334.0682325626767,19.77392578125,9237.790110254038,58.544925689697266,10707.38736438143,187.46434020996094,175.4533798560515,3.7032885551452637,238.6291417530067,1029217.8005704081,2918.1289777549637,3357616.217658653,9503.72625527,10256191.546492707,11068.533892980993,32130307.797157433,294.03187267312666,7.4712629318237305,355.8178764151104,9.53818130493164,4.9140735165450655,2.4499919414520264,175.4533798560515,3.258842945098877,233.55209470338443,5.571317672729492
ngc2997,SN2003jg,Ic,146.4086,-31.1891,585.4652091010014,576.33452414425,107.84368,1.0240551,12.296705,0.0004911204571882,146.41164,-31.19109,14.06,108.1,33.0,307.69553,12m+7m+tp,/data/tycho/0/leroy.42/reduction/alma/phangs-alma/derived/ngc2997/ngc2997_12m+7m+tp_co21_150pc_broad_mom0.fits,/data/tycho/0/leroy.42/reduction/alma/phangs-alma/derived/ngc2997/ngc2997_12m+7m+tp_co21_150pc_broad_emom0.fits,/data/kant/0/sun.1608/PHANGS/ALMA/alphaCO/NGC2997_alphaCO21_Sun+20.fits,ngc2997_SN2003jg_,3.210982238446186,101.06683349609375,3.210982238446186,101.06683349609375,3.210982238446186,101.06683349609375,3.210982238446186,101.06683349609375,1101.1884553624807,187.260009765625,3.210982238446186,101.06683349609375,3.210982238446186,11529481.45783533,3.210982238446186,11529481.45783533,3.210982238446186,11529481.45783533,nan,nan,3.210982238446186,128.2710418701172,3.210982238446186,128.2710418701172,3.210982238446186,128.2710418701172,3.210982238446186,128.2710418701172,3.210982238446186,128.2710418701172
ngc6744,SN2005at,Ic,287.4733,-63.8231,228.6160557905061,1000.6074709654724,4.835074,1.5029258,3.258406,0.000315039978844,287.44208,-63.85754,9.39,14.0,52.7,470.02527,12m+7m+tp,/data/tycho/0/leroy.42/reduction/alma/phangs-alma/derived/ngc6744/ngc6744_12m+7m+tp_co21_150pc_broad_mom0.fits,/data/tycho/0/leroy.42/reduction/alma/phangs-alma/derived/ngc6744/ngc6744_12m+7m+tp_co21_150pc_broad_emom0.fits,/data/kant/0/sun.1608/PHANGS/ALMA/alphaCO/NGC6744_alphaCO21_Sun+20.fits,ngc6744_SN2005at_,10.700171202121604,5.614461898803711,32.651875411318784,6.464106559753418,10472.246153700962,19.227310180664062,nan,nan,nan,nan,10.700171202121604,5.614461898803711,53.689192304573865,1007158.3413271011,10513.129892357474,3445603.8616823438,nan,nan,nan,nan,10.700171202121604,11.344478607177734,10.700171202121604,11.344478607177734,10.700171202121604,11.344478607177734,10.700171202121604,11.344478607177734,10.700171202121604,11.344478607177734
ngc1559,SN2005df,Ia,64.4077,-62.7693,348.8486348837993,527.3802225660572,0.0,0.43404207,nan,0.0003463939709418,64.40238,-62.78341,19.44,244.5,65.4,125.63808,12m+7m+tp,/data/tycho/0/leroy.42/reduction/alma/phangs-alma/derived/ngc1559/ngc1559_12m+7m+tp_co21_150pc_broad_mom0.fits,/data/tycho/0/leroy.42/reduction/alma/phangs-alma/derived/ngc1559/ngc1559_12m+7m+tp_co21_150pc_broad_emom0.fits,/data/kant/0/sun.1608/PHANGS/ALMA/alphaCO/NGC1559_alphaCO21_Sun+20.fits,ngc1559_SN2005df_,1225.0816695880821,2.294994831085205,2551.2342302784327,5.9445672035217285,3554.546343488202,19.426746368408203,7552.837268028387,60.77131652832031,nan,nan,1166.2280549080026,2.294994831085205,1762.0013477053476,1012208.3355905614,3521.784052101596,3468480.3633279335,7614.943813113518,10233773.488407416,nan,nan,2551.2342302784327,7.207959175109863,2940.5776311957343,9.052961349487305,742.7795748297949,1.0262210369110107,1166.2280549080026,3.7482738494873047,1271.9286011120535,5.255116939544678
ngc4321,SN2006X,Ia,185.7249,15.809,304.88763318168094,143.8619846766465,0.12854557,1.1225895,nan,0.000462934650464,185.72887,15.822304,15.21,156.2,38.5,182.86105,12m+7m+tp,/data/tycho/0/leroy.42/reduction/alma/phangs-alma/derived/ngc4321/ngc4321_12m+7m+tp_co21_150pc_broad_mom0.fits,/data/tycho/0/leroy.42/reduction/alma/phangs-alma/derived/ngc4321/ngc4321_12m+7m+tp_co21_150pc_broad_emom0.fits,/data/kant/0/sun.1608/PHANGS/ALMA/alphaCO/NGC4321_alphaCO21_Sun+20.fits,ngc4321_SN2006X_,126.65804626520982,3.2952513694763184,189.22778630045494,5.869276523590088,359.7045382219446,19.468828201293945,1083.1343650654462,60.54716873168945,3263.6944571335443,192.1239013671875,126.65804626520982,3.2952513694763184,216.32303148222007,1040298.0991723315,392.7155591140152,3218547.6665479597,1231.580304840285,10152175.189442717,4020.6794673270947,35152048.14168817,205.05551411082467,8.233402252197266,216.32303148222007,9.043396949768066,36.591402757876665,1.0133640766143799,126.65804626520982,3.5776007175445557,163.51748714338143,5.063133239746094
ngc4303,SN2006ov,II,185.4804,4.488,202.77730073141146,338.98751565542256,-0.62759334,1.2511787,nan,0.000503635821363,185.47888,4.473744,16.99,312.4,23.5,206.59573,12m+7m+tp,/data/tycho/0/leroy.42/reduction/alma/phangs-alma/derived/ngc4303/ngc4303_12m+7m+tp_co21_150pc_broad_mom0.fits,/data/tycho/0/leroy.42/reduction/alma/phangs-alma/derived/ngc4303/ngc4303_12m+7m+tp_co21_150pc_broad_emom0.fits,/data/kant/0/sun.1608/PHANGS/ALMA/alphaCO/NGC4303_alphaCO21_Sun+20.fits,ngc4303_SN2006ov_,109.46815538240743,4.022378921508789,135.89059357760024,7.062232494354248,211.0259372270622,19.630990982055664,359.8696121878015,61.58129119873047,4239.4925928477205,185.2025604248047,109.46815538240743,4.022378921508789,160.23980959350635,1578930.5650283596,217.44610071072347,3370473.4123274465,979.2595626370447,10154883.68150117,nan,nan,160.23980959350635,9.044010162353516,160.23980959350635,9.044010162353516,85.86096848120077,1.9097036123275757,109.46815538240743,3.191039800643921,135.89059357760024,5.605020046234131
ngc5530,SN2007it,II,214.6067,-43.3817,390.2595866318546,373.0812908090254,3.082237,1.3917842,1.7829744,0.0003125321832383,214.6138,-43.38826,12.27,305.4,61.9,144.91765,12m+7m+tp,/data/tycho/0/leroy.42/reduction/alma/phangs-alma/derived/ngc5530/ngc5530_12m+7m+tp_co21_150pc_broad_mom0.fits,/data/tycho/0/leroy.42/reduction/alma/phangs-alma/derived/ngc5530/ngc5530_12m+7m+tp_co21_150pc_broad_emom0.fits,/data/kant/0/sun.1608/PHANGS/ALMA/alphaCO/NGC5530_alphaCO21_Sun+20.fits,ngc5530_SN2007it_,9.89609605449723,2.6960041522979736,251.37635244683176,5.921244144439697,1369.6255052591002,19.180641174316406,nan,nan,nan,nan,9.89609605449723,2.6960041522979736,282.34876816886987,1066348.035252076,1484.928960919834,3251208.533505086,nan,nan,nan,nan,209.13964675767056,7.395711898803711,292.99350230334113,9.033976554870605,9.89609605449723,3.8136649131774902,9.89609605449723,3.8136649131774902,93.39748072480619,5.251963138580322
ngc7793,SN2008bk,II,359.4601,-32.556,104.61854343784563,146.2301768465765,-0.0075710528,0.17158689,nan,0.002219068508634,359.45758,-32.591072,3.62,290.0,50.0,310.54272,7m+tp,/data/tycho/0/leroy.42/reduction/alma/phangs-alma/derived/ngc7793/ngc7793_7m+tp_co21_150pc_broad_mom0.fits,/data/tycho/0/leroy.42/reduction/alma/phangs-alma/derived/ngc7793/ngc7793_7m+tp_co21_150pc_broad_emom0.fits,/data/kant/0/sun.1608/PHANGS/ALMA/alphaCO/NGC7793_alphaCO21_Sun+20.fits,ngc7793_SN2008bk_,991.2311519693375,2.095696210861206,2241.0074222166945,6.060627460479736,nan,nan,nan,nan,nan,nan,991.2311519693375,2.095696210861206,2241.0074222166945,1035235.8125,nan,nan,nan,nan,nan,nan,1022.1743368448482,7.739570617675781,1027.2564464240581,9.140925407409668,92.60624596843604,1.0643938779830933,139.60649446981319,3.01495099067688,225.1157340552116,5.32105016708374
ngc2997,SN2008eh,unclassified,146.4507,-31.1791,153.98999644262688,695.4058331767972,15.87045,0.5928071,5.444655,0.0004911204571882,146.41164,-31.19109,14.06,108.1,33.0,307.69553,12m+7m+tp,/data/tycho/0/leroy.42/reduction/alma/phangs-alma/derived/ngc2997/ngc2997_12m+7m+tp_co21_150pc_broad_mom0.fits,/data/tycho/0/leroy.42/reduction/alma/phangs-alma/derived/ngc2997/ngc2997_12m+7m+tp_co21_150pc_broad_emom0.fits,/data/kant/0/sun.1608/PHANGS/ALMA/alphaCO/NGC2997_alphaCO21_Sun+20.fits,ngc2997_SN2008eh_,7.664398908642832,13.199077606201172,7.664398908642832,13.199077606201172,70.17226738951437,18.901578903198242,4553.796028079081,61.1678581237793,9293.976645508863,187.260009765625,7.664398908642832,13.199077606201172,7.664398908642832,2485703.2724017925,55.53661225628159,3293371.1545287645,4566.297421903666,10263073.391534664,nan,nan,7.664398908642832,28.017152786254883,7.664398908642832,28.017152786254883,7.664398908642832,28.017152786254883,7.664398908642832,28.017152786254883,7.664398908642832,28.017152786254883
ngc3627,SN2009hd,II,170.0707,12.9796,139.6131050423376,325.1490303240861,68.404076,1.8574204,17.742697,0.0004517319625788,170.06252,12.9915,11.32,173.1,57.3,308.40494,12m+7m+tp,/data/tycho/0/leroy.42/reduction/alma/phangs-alma/derived/ngc3627/ngc3627_12m+7m+tp_co21_150pc_broad_mom0.fits,/data/tycho/0/leroy.42/reduction/alma/phangs-alma/derived/ngc3627/ngc3627_12m+7m+tp_co21_150pc_broad_emom0.fits,/data/kant/0/sun.1608/PHANGS/ALMA/alphaCO/NGC3627_alphaCO21_Sun+20.fits,ngc3627_SN2009hd_,11.544233889814256,114.62438201904297,11.544233889814256,114.62438201904297,11.544233889814256,114.62438201904297,11.544233889814256,114.62438201904297,53.218515511594504,200.90882873535156,11.544233889814256,114.62438201904297,11.544233889814256,15237371.03110325,11.544233889814256,15237371.03110325,11.544233889814256,15237371.03110325,95.91566062143646,33157214.068388145,11.544233889814256,108.57203674316406,11.544233889814256,108.57203674316406,11.544233889814256,108.57203674316406,11.544233889814256,108.57203674316406,11.544233889814256,108.57203674316406
ngc1559,SN2009ib,II,64.4167,-62.7776,299.57218832743223,427.403589217835,3.5123987,1.2494718,2.8059413,0.0003463939709418,64.40238,-62.78341,19.44,244.5,65.4,125.63808,12m+7m+tp,/data/tycho/0/leroy.42/reduction/alma/phangs-alma/derived/ngc1559/ngc1559_12m+7m+tp_co21_150pc_broad_mom0.fits,/data/tycho/0/leroy.42/reduction/alma/phangs-alma/derived/ngc1559/ngc1559_12m+7m+tp_co21_150pc_broad_emom0.fits,/data/kant/0/sun.1608/PHANGS/ALMA/alphaCO/NGC1559_alphaCO21_Sun+20.fits,ngc1559_SN2009ib_,15.92835670677876,4.624680042266846,92.38535516794158,5.939242362976074,511.52872258413163,19.06941795349121,617.2470450639626,60.712890625,nan,nan,15.92835670677876,4.624680042266846,137.27188714798734,1011850.3915969005,532.4808778284115,4004136.2408813313,637.1610023001642,10384090.436584277,nan,nan,169.36338310888422,7.859261989593506,201.1761053021419,9.496081352233887,15.92835670677876,4.954246520996094,15.92835670677876,4.954246520996094,53.75409515262569,5.846046447753906
ngc1566,SN2010el,Ia,64.9951,-54.944,333.0888088615794,351.7049348962778,15.126432,1.4931785,6.447685,0.0003484111476313,65.00159,-54.93801,17.69,214.7,29.5,216.83093,12m+7m+tp,/data/tycho/0/leroy.42/reduction/alma/phangs-alma/derived/ngc1566/ngc1566_12m+7m+tp_co21_150pc_broad_mom0.fits,/data/tycho/0/leroy.42/reduction/alma/phangs-alma/derived/ngc1566/ngc1566_12m+7m+tp_co21_150pc_broad_emom0.fits,/data/kant/0/sun.1608/PHANGS/ALMA/alphaCO/NGC1566_alphaCO21_Sun+20.fits,ngc1566_SN2010el_,7.614765089822285,14.904770851135254,7.614765089822285,14.904770851135254,35.94087356802814,18.895112991333008,457.6777133849451,58.82911682128906,1958.7646357425654,191.45494079589844,7.614765089822285,14.904770851135254,7.614765089822285,1735857.0512387953,92.69353835092997,3479936.488563135,627.1391235487512,10378658.978645608,2016.0412841871103,33385192.153638754,7.614765089822285,13.731280326843262,7.614765089822285,13.731280326843262,7.614765089822285,13.731280326843262,7.614765089822285,13.731280326843262,7.614765089822285,13.731280326843262
ngc4945,SN2011ja,II,196.2963,-49.5242,284.0064230617902,111.34989236937538,48.65194,0.72480214,11.3481,0.002193771937916,196.36377,-49.467907,3.47,43.83,90.0,700.03754,7m+tp,/data/tycho/0/leroy.42/reduction/alma/phangs-alma/derived/ngc4945/ngc4945_7m+tp_co21_150pc_broad_mom0.fits,/data/tycho/0/leroy.42/reduction/alma/phangs-alma/derived/ngc4945/ngc4945_7m+tp_co21_150pc_broad_emom0.fits,/data/kant/0/sun.1608/PHANGS/ALMA/alphaCO/NGC4945_alphaCO21_Sun+20.fits,ngc4945_SN2011ja_,-144185975220.88434,2.7700884342193604,-3705638695.199528,51.088600158691406,-3705638695.199528,51.088600158691406,-981360464.4445708,268.54248046875,-981360464.4445708,268.54248046875,-144185975220.88434,2.7700884342193604,-3705638695.199528,8726613.0,-3705638695.199528,8726613.0,-981360464.4445708,45870632.0,-981360464.4445708,45870632.0,-4840263223.189572,8.786944389343262,-4259359762.7690954,9.60826301574707,-144185975220.88434,5.191666603088379,-144185975220.88434,5.191666603088379,-144185975220.88434,5.191666603088379
ngc3239,SN2012A,II,156.2808,17.1541,154.78836138615736,47.086512314478114,0.0,0.8119465,nan,0.0003561811832922,156.27031,17.163702,10.86,72.9,60.3,108.42295,12m+7m+tp,/data/tycho/0/leroy.42/reduction/alma/phangs-alma/derived/ngc3239/ngc3239_12m+7m+tp_co21_150pc_broad_mom0.fits,/data/tycho/0/leroy.42/reduction/alma/phangs-alma/derived/ngc3239/ngc3239_12m+7m+tp_co21_150pc_broad_emom0.fits,/data/kant/0/sun.1608/PHANGS/ALMA/alphaCO/NGC3239_alphaCO21_Sun+20.fits,ngc3239_SN2012A_,816.4988728454339,5.244786262512207,873.137036225449,5.8687896728515625,nan,nan,nan,nan,nan,nan,816.4988728454339,5.244786262512207,816.4988728454339,1041481.8217680132,nan,nan,nan,nan,nan,nan,2674.7867850582084,7.475461006164551,2737.2041687915093,9.097108840942383,92.59223386935817,1.1127103567123413,816.4988728454339,3.030200481414795,2451.9390522282947,5.105957508087158
ngc4424,SN2012cg,Ia,186.8035,9.4203,78.07938021320132,115.08377746293014,-0.522859,0.97705775,nan,0.000316349305137,186.7982,9.420637,16.2,88.3,58.2,91.22656,12m+7m+tp,/data/tycho/0/leroy.42/reduction/alma/phangs-alma/derived/ngc4424/ngc4424_12m+7m+tp_co21_150pc_broad_mom0.fits,/data/tycho/0/leroy.42/reduction/alma/phangs-alma/derived/ngc4424/ngc4424_12m+7m+tp_co21_150pc_broad_emom0.fits,/data/kant/0/sun.1608/PHANGS/ALMA/alphaCO/NGC4424_alphaCO21_Sun+20.fits,ngc4424_SN2012cg_,410.66954858178303,3.3611042499542236,457.73016136734645,6.597063064575195,575.4656488040156,20.75940704345703,881.8393134276538,58.73865509033203,nan,nan,410.66954858178303,3.3611042499542236,481.26907199555865,1195019.5304326792,599.0226124801072,3564421.250705434,1973.8455410750933,10655531.507023944,nan,nan,457.73016136734645,7.1056108474731445,481.26907199555865,9.184749603271484,130.1007508459305,1.1138054132461548,410.66954858178303,3.6473512649536133,434.19667597119206,5.240959167480469
ngc1365,SN2012fr,Ia,53.4006,-36.1268,390.2906744443858,389.8499395285312,-2.3150725,1.1174963,nan,0.0003829740084505,53.40152,-36.140404,19.57,201.1,55.4,360.67926,12m+7m+tp,/data/tycho/0/leroy.42/reduction/alma/phangs-alma/derived/ngc1365/ngc1365_12m+7m+tp_co21_150pc_broad_mom0.fits,/data/tycho/0/leroy.42/reduction/alma/phangs-alma/derived/ngc1365/ngc1365_12m+7m+tp_co21_150pc_broad_emom0.fits,/data/kant/0/sun.1608/PHANGS/ALMA/alphaCO/NGC1365_alphaCO21_Sun+20.fits,ngc1365_SN2012fr_,362.7857036809737,3.2033941745758057,492.2313653393689,7.145944118499756,1099.6273043580716,18.768064498901367,3998.2117111553916,58.720176696777344,4305.88418031494,185.48451232910156,362.7857036809737,3.2033941745758057,577.1392044317796,1019271.0144141498,3350.071704233395,3222674.5951196942,4086.0443496714825,10204010.570624942,4381.144355590347,35301554.526897766,580.0675652669759,7.296112537384033,668.5397836483108,9.221379280090332,119.77361394802969,1.5395824909210205,362.7857036809737,3.0410430431365967,533.6022315177057,5.458340167999268
ngc0628,SN2013ej,II,24.2007,15.7586,333.46022572413716,356.77980642079694,5.7713037,1.9949342,nan,0.0003114595189268,24.173855,15.783643,9.84,20.7,8.9,296.56592,12m+7m+tp,/data/tycho/0/leroy.42/reduction/alma/phangs-alma/derived/ngc0628/ngc0628_12m+7m+tp_co21_150pc_broad_mom0.fits,/data/tycho/0/leroy.42/reduction/alma/phangs-alma/derived/ngc0628/ngc0628_12m+7m+tp_co21_150pc_broad_emom0.fits,/data/kant/0/sun.1608/PHANGS/ALMA/alphaCO/NGC0628_alphaCO21_Sun+20.fits,ngc0628_SN2013ej_,97.87335683310963,2.7534096240997314,1041.8493291343557,5.918017864227295,1905.584387738541,18.792024612426758,nan,nan,nan,nan,97.87335683310963,2.7534096240997314,1039.571024101005,1001615.4525589489,1914.4065819586717,3210149.281739499,nan,nan,nan,nan,763.7638635834201,7.065454959869385,804.1722443636075,9.06252670288086,4.179389857316039,1.5650715827941895,97.87335683310963,3.022393226623535,646.0055360564204,5.020193576812744
ngc4254,SN2014L,Ic,184.7029,14.4121,266.1503904555237,160.92822020115597,43.083294,1.0075488,7.9191947,0.000494815869629,184.7068,14.416412,13.1,68.1,34.4,151.0502,12m+7m+tp,/data/tycho/0/leroy.42/reduction/alma/phangs-alma/derived/ngc4254/ngc4254_12m+7m+tp_co21_150pc_broad_mom0.fits,/data/tycho/0/leroy.42/reduction/alma/phangs-alma/derived/ngc4254/ngc4254_12m+7m+tp_co21_150pc_broad_emom0.fits,/data/kant/0/sun.1608/PHANGS/ALMA/alphaCO/NGC4254_alphaCO21_Sun+20.fits,ngc4254_SN2014L_,10.971624901057561,45.09716796875,10.971624901057561,45.09716796875,10.971624901057561,45.09716796875,82.43568160821998,61.117801666259766,nan,nan,10.971624901057561,45.09716796875,10.971624901057561,5796871.708466632,10.971624901057561,5796871.708466632,154.7197015810027,11178244.521749549,nan,nan,10.971624901057561,61.789512634277344,10.971624901057561,61.789512634277344,10.971624901057561,61.789512634277344,10.971624901057561,61.789512634277344,10.971624901057561,61.789512634277344
ngc4303,SN2014dt,Ia,185.4899,4.4718,117.55593676008563,193.2507615691672,0.83079255,0.97850513,nan,0.000503635821363,185.47888,4.473744,16.99,312.4,23.5,206.59573,12m+7m+tp,/data/tycho/0/leroy.42/reduction/alma/phangs-alma/derived/ngc4303/ngc4303_12m+7m+tp_co21_150pc_broad_mom0.fits,/data/tycho/0/leroy.42/reduction/alma/phangs-alma/derived/ngc4303/ngc4303_12m+7m+tp_co21_150pc_broad_emom0.fits,/data/kant/0/sun.1608/PHANGS/ALMA/alphaCO/NGC4303_alphaCO21_Sun+20.fits,ngc4303_SN2014dt_,59.28866404829043,3.0356876850128174,120.27513131662043,6.4309821128845215,240.83996113327603,18.87255096435547,2644.0569341556984,80.04247283935547,3308.9280214118553,185.2025604248047,59.28866404829043,3.0356876850128174,144.84520333262105,1140256.0672814087,274.4253783611387,3462436.0009200023,2678.267932495609,13314126.77643805,nan,nan,144.84520333262105,9.139185905456543,144.84520333262105,9.139185905456543,27.65948877837454,2.245882272720337,59.28866404829043,3.2185468673706055,98.82836075279525,5.161736488342285
ngc5128,SN2016adj,II,201.3505,-43.016,226.2426565431022,145.08138963317262,67.57131,1.4254165,35.12788,0.002258955715078,201.36507,-43.01911,3.69,32.17,45.33,767.57574,7m+tp,/data/tycho/0/leroy.42/reduction/alma/phangs-alma/derived/ngc5128/ngc5128_7m+tp_co21_150pc_broad_mom0.fits,/data/tycho/0/leroy.42/reduction/alma/phangs-alma/derived/ngc5128/ngc5128_7m+tp_co21_150pc_broad_emom0.fits,/data/kant/0/sun.1608/PHANGS/ALMA/alphaCO/NGC5128_alphaCO21_Sun+20.fits,ngc5128_SN2016adj_,12.715134597078116,67.5713119506836,12.715134597078116,67.5713119506836,12.715134597078116,67.5713119506836,12.715134597078116,67.5713119506836,nan,nan,12.715134597078116,67.5713119506836,12.715134597078116,11542080.0,12.715134597078116,11542080.0,12.715134597078116,11542080.0,nan,nan,12.715134597078116,47.40460968017578,12.715134597078116,47.40460968017578,12.715134597078116,47.40460968017578,12.715134597078116,47.40460968017578,12.715134597078116,47.40460968017578
ngc3627,SN2016cok,II,170.0797,12.9825,61.367765356577905,351.20979461614627,4.8749094,1.2110753,3.370604,0.0004517319625788,170.06252,12.9915,11.32,173.1,57.3,308.40494,12m+7m+tp,/data/tycho/0/leroy.42/reduction/alma/phangs-alma/derived/ngc3627/ngc3627_12m+7m+tp_co21_150pc_broad_mom0.fits,/data/tycho/0/leroy.42/reduction/alma/phangs-alma/derived/ngc3627/ngc3627_12m+7m+tp_co21_150pc_broad_emom0.fits,/data/kant/0/sun.1608/PHANGS/ALMA/alphaCO/NGC3627_alphaCO21_Sun+20.fits,ngc3627_SN2016cok_,10.442954646936867,5.222754001617432,49.806157174113146,6.227537155151367,528.041874197307,18.6270694732666,1468.157482538937,61.601722717285156,3032.4507034145836,185.3595428466797,10.442954646936867,5.222754001617432,64.43700100518274,1043971.9143676105,598.424952707856,3196103.9187772633,1475.895228726785,10072247.744576907,3384.587995083437,32383661.20172397,10.442954646936867,7.594663619995117,49.806157174113146,9.096892356872559,10.442954646936867,7.594663619995117,10.442954646936867,7.594663619995117,10.442954646936867,7.594663619995117
ngc1672,SN2017gax,Ib/c,71.4561,-59.2451,141.99209028039974,128.8067849585691,7.5910697,0.95719075,5.087848,0.0005367684873776,71.42704,-59.247257,19.4,134.3,42.6,184.55309,12m+7m+tp,/data/tycho/0/leroy.42/reduction/alma/phangs-alma/derived/ngc1672/ngc1672_12m+7m+tp_co21_150pc_broad_mom0.fits,/data/tycho/0/leroy.42/reduction/alma/phangs-alma/derived/ngc1672/ngc1672_12m+7m+tp_co21_150pc_broad_emom0.fits,/data/kant/0/sun.1608/PHANGS/ALMA/alphaCO/NGC1672_alphaCO21_Sun+20.fits,ngc1672_SN2017gax_,nan,nan,nan,nan,nan,nan,nan,nan,nan,nan,nan,nan,nan,nan,nan,nan,nan,nan,nan,nan,nan,nan,nan,nan,nan,nan,nan,nan,nan,nan
ngc1068,SN2018ivc,II,40.672,-0.0088,41.400000046852824,53.87249997022789,127.77749,0.6721418,32.0753,0.002414131938401,40.66973,-0.0132779,13.97,72.65,34.7,183.28261,7m+tp,/data/tycho/0/leroy.42/reduction/alma/phangs-alma/derived/ngc1068/ngc1068_7m+tp_co21_150pc_broad_mom0.fits,/data/tycho/0/leroy.42/reduction/alma/phangs-alma/derived/ngc1068/ngc1068_7m+tp_co21_150pc_broad_emom0.fits,/data/kant/0/sun.1608/PHANGS/ALMA/alphaCO/NGC1068_alphaCO21_Sun+20.fits,ngc1068_SN2018ivc_,nan,nan,nan,nan,nan,nan,nan,nan,nan,nan,nan,nan,nan,nan,nan,nan,nan,nan,nan,nan,nan,nan,nan,nan,nan,nan,nan,nan,nan,nan
ngc4321,SN2019ehk,Ib,185.7339,15.8261,226.5345602297337,297.43737308210586,1.0024955,1.6639854,4.194681,0.000462934650464,185.72887,15.822304,15.21,156.2,38.5,182.86105,12m+7m+tp,/data/tycho/0/leroy.42/reduction/alma/phangs-alma/derived/ngc4321/ngc4321_12m+7m+tp_co21_150pc_broad_mom0.fits,/data/tycho/0/leroy.42/reduction/alma/phangs-alma/derived/ngc4321/ngc4321_12m+7m+tp_co21_150pc_broad_emom0.fits,/data/kant/0/sun.1608/PHANGS/ALMA/alphaCO/NGC4321_alphaCO21_Sun+20.fits,ngc4321_SN2019ehk_,81.57654577199911,3.4355125427246094,130.93504132602558,6.022129058837891,1064.062416921636,18.679018020629883,1231.9513553710517,59.61270523071289,1349.425336431593,188.4044647216797,81.57654577199911,3.4355125427246094,424.53207078351153,1113098.0372082551,1129.5755148778485,3345923.8795926166,1281.9356074259354,10157574.947528584,1906.1889435310577,32134413.43905597,156.85571457668874,7.013576507568359,404.4829523708577,9.617009162902832,32.09613371628048,1.5041652917861938,81.57654577199911,3.1061649322509766,130.93504132602558,6.388558387756348
ngc0628,SN2019krl,II,24.2068,15.7795,227.48504797816918,732.1448775793053,0.2809551,1.2958647,nan,0.0003114595189268,24.173855,15.783643,9.84,20.7,8.9,296.56592,12m+7m+tp,/data/tycho/0/leroy.42/reduction/alma/phangs-alma/derived/ngc0628/ngc0628_12m+7m+tp_co21_150pc_broad_mom0.fits,/data/tycho/0/leroy.42/reduction/alma/phangs-alma/derived/ngc0628/ngc0628_12m+7m+tp_co21_150pc_broad_emom0.fits,/data/kant/0/sun.1608/PHANGS/ALMA/alphaCO/NGC0628_alphaCO21_Sun+20.fits,ngc0628_SN2019krl_,754.8017888319929,1.9403250217437744,1077.66215004106,5.914911270141602,1384.614046048056,18.693458557128906,nan,nan,nan,nan,754.8017888319929,1.9403250217437744,1096.4684335013435,1018331.5638491693,1403.889831817095,3187967.818395557,nan,nan,nan,nan,875.2742506894677,7.001357078552246,1068.2654177048637,9.2630033493042,3.2356139107476336,1.629622220993042,386.11662360698585,3.004162549972534,781.6694045568804,5.000779151916504
ngc0300,SN2019qyl,II,13.7399,-37.6444,124.97990204934794,202.45166439134732,-0.41793606,0.4800788,nan,0.002271061982879,13.723024,-37.684475,2.09,114.3,39.8,582.26587,7m+tp,/data/tycho/0/leroy.42/reduction/alma/phangs-alma/derived/ngc0300/ngc0300_7m+tp_co21_150pc_broad_mom0.fits,/data/tycho/0/leroy.42/reduction/alma/phangs-alma/derived/ngc0300/ngc0300_7m+tp_co21_150pc_broad_emom0.fits,/data/kant/0/sun.1608/PHANGS/ALMA/alphaCO/NGC0300_alphaCO21_Sun+20.fits,ngc0300_SN2019qyl_,319.1694138992419,1.927222728729248,nan,nan,nan,nan,nan,nan,nan,nan,291.6161338593793,1.927222728729248,nan,nan,nan,nan,nan,nan,nan,nan,189.58728376213375,7.055360317230225,260.921294458901,9.124639511108398,43.2983145368518,1.5906935930252075,68.73226104992987,3.044600486755371,114.04623946350861,5.0091047286987305
ngc4303,SN2020jfo,II,185.4602,4.4817,384.5072981494762,282.48710935329683,2.1475408,0.9978762,nan,0.000503635821363,185.47888,4.473744,16.99,312.4,23.5,206.59573,12m+7m+tp,/data/tycho/0/leroy.42/reduction/alma/phangs-alma/derived/ngc4303/ngc4303_12m+7m+tp_co21_150pc_broad_mom0.fits,/data/tycho/0/leroy.42/reduction/alma/phangs-alma/derived/ngc4303/ngc4303_12m+7m+tp_co21_150pc_broad_emom0.fits,/data/kant/0/sun.1608/PHANGS/ALMA/alphaCO/NGC4303_alphaCO21_Sun+20.fits,ngc4303_SN2020jfo_,62.58017443150858,3.2031004428863525,340.1946381651217,6.6396379470825195,438.3940231835825,18.964431762695312,5211.1758803108705,60.47423553466797,5514.696745259977,187.87232971191406,62.58017443150858,3.2031004428863525,340.1946381651217,1040160.1618910985,472.52224566256183,3429893.327907578,5260.112379244555,10068661.55840519,nan,nan,370.17070391591375,7.323169708251953,404.3008794622045,12.777774810791016,17.318367624047823,1.0537772178649902,62.58017443150858,3.204697847366333,142.43561812322028,5.41445779800415
ngc4457,SN2020nvb,Ia,187.245,3.5728,183.98007804730452,193.58000473666854,14.789048,2.2111452,6.346348,0.0003086113495887,187.24593,3.57062,15.1,78.7,17.4,83.77631,12m+7m+tp,/data/tycho/0/leroy.42/reduction/alma/phangs-alma/derived/ngc4457/ngc4457_12m+7m+tp_co21_150pc_broad_mom0.fits,/data/tycho/0/leroy.42/reduction/alma/phangs-alma/derived/ngc4457/ngc4457_12m+7m+tp_co21_150pc_broad_emom0.fits,/data/kant/0/sun.1608/PHANGS/ALMA/alphaCO/NGC4457_alphaCO21_Sun+20.fits,ngc4457_SN2020nvb_,9.46752153956036,12.403838157653809,9.46752153956036,12.403838157653809,97.02469083668528,18.54210662841797,247.31817045075155,61.584964752197266,573.0234061385977,188.48834228515625,9.46752153956036,12.403838157653809,9.46752153956036,1481702.3514246775,146.15106310788283,3211941.1055313926,277.96195652816635,10012268.969740788,nan,nan,9.46752153956036,10.149463653564453,9.46752153956036,10.149463653564453,9.46752153956036,10.149463653564453,9.46752153956036,10.149463653564453,9.46752153956036,10.149463653564453
ngc4321,SN2020oi,Ic,185.7289,15.8236,269.85879623875906,275.31590763214297,14.004269,2.045856,10.249046,0.000462934650464,185.72887,15.822304,15.21,156.2,38.5,182.86105,12m+7m+tp,/data/tycho/0/leroy.42/reduction/alma/phangs-alma/derived/ngc4321/ngc4321_12m+7m+tp_co21_150pc_broad_mom0.fits,/data/tycho/0/leroy.42/reduction/alma/phangs-alma/derived/ngc4321/ngc4321_12m+7m+tp_co21_150pc_broad_emom0.fits,/data/kant/0/sun.1608/PHANGS/ALMA/alphaCO/NGC4321_alphaCO21_Sun+20.fits,ngc4321_SN2020oi_,6.601320975171955,18.59952735900879,6.601320975171955,18.59952735900879,6.601320975171955,18.59952735900879,134.50338895202384,64.76637268066406,200.77477726001385,185.59841918945312,6.601320975171955,18.59952735900879,6.601320975171955,2013784.4025115792,74.07322269598549,3582029.9827647787,160.61608705325347,10507253.474934312,250.05261898325003,38852692.22585831,6.601320975171955,11.264246940612793,6.601320975171955,11.264246940612793,6.601320975171955,11.264246940612793,6.601320975171955,11.264246940612793,6.601320975171955,11.264246940612793
