galaxy,SN_name,NatRes,NatInt,pc60Int,pc90Int,pc120Int,pc150Int,pc500Int,pc750Int,pc1000Int,NatErr,pc60Err,pc90Err,pc120Err,pc150Err,pc500Err,pc750Err,pc1000Err,NatEW,pc60EW,pc90EW,pc120EW,pc150EW,pc500EW,pc750EW,pc1000EW,NatSNR,pc60SNR,pc90SNR,pc120SNR,pc150SNR,pc500SNR,pc750SNR,pc1000SNR,alphaCO,pc60mgsd,pc90mgsd,pc120mgsd,pc150mgsd,pc500mgsd,pc750mgsd,pc1000mgsd,pc60mgsdErr,pc90mgsdErr,pc120mgsdErr,pc150mgsdErr,pc500mgsdErr,pc750mgsdErr,pc1000mgsdErr
circinus,SN1996cr,148.96539476404914,186.84803771972656,nan,nan,nan,186.84803771972656,111.39796447753906,97.68943786621094,81.1122817993164,2.1378190517425537,nan,nan,nan,2.1378190517425537,0.24664470553398132,0.17664189636707306,0.16147032380104065,34.56536865234375,nan,nan,nan,34.56536865234375,49.76144790649414,69.42247772216797,86.25480651855469,87.40124079604642,nan,nan,nan,87.40124079604642,451.65358095307374,553.036623107839,502.3355368956884,4.968773833170559,nan,nan,nan,928.4056406010429,553.5112909644595,485.39672264677006,403.02858335319996,nan,nan,nan,10.622339364351898,1.2255217589473042,0.8776936325103383,0.802309519736188
ngc0253,SN1940E,150.1701284517627,219.3036651611328,nan,nan,nan,219.3036651611328,153.83908081054688,153.87240600585938,142.72422790527344,1.465811014175415,nan,nan,nan,1.465811014175415,0.18237826228141785,0.11332354694604874,0.09203742444515228,45.862266540527344,nan,nan,nan,45.862266540527344,60.678550720214844,65.11054229736328,69.24812316894531,149.61251009871899,nan,nan,nan,149.61251009871899,843.5165402177496,1357.8149480188367,1550.7194900953239,4.479999295527333,nan,nan,nan,982.4802654284371,689.1989736558224,689.3482705073457,639.4044404703075,nan,nan,nan,6.566832310882065,0.817054486540251,0.507689410484957,0.4123275966764323
ngc0628,SN2013ej,53.490181864724654,5.771303653717041,4.944133281707764,2.7272579669952393,1.8072082996368408,1.341525912284851,0.6933073997497559,0.5306633114814758,0.5881704092025757,1.9949342012405396,1.7279061079025269,1.2605571746826172,1.0164546966552734,0.8571658730506897,0.18906767666339874,0.1100897341966629,0.06774332374334335,nan,nan,nan,nan,nan,nan,1.9705547094345093,4.776077747344971,2.892979452719887,2.861343714855754,2.1635337307741773,1.7779526284679545,1.5650715391996457,3.6669800570092472,4.820279705040487,8.68233763419928,7.274922328334363,35.96818560535686,19.840589879221447,13.147300010979231,9.75949681332019,5.043757482838937,3.8605343735244415,4.278894042773377,12.570382725645418,9.170455536240652,7.394628968437781,6.235815148942681,1.3754526625248613,0.800894265427698,0.492827418496032
ngc1068,SN2018ivc,588.6196760664847,127.7774887084961,nan,nan,nan,nan,nan,128.53480529785156,122.50003814697266,0.6721417903900146,nan,nan,nan,nan,nan,0.4782250225543976,0.3369501829147339,32.07529830932617,nan,nan,nan,nan,nan,36.46405792236328,44.54560470581055,190.10496079160973,nan,nan,nan,nan,nan,268.77473832568194,363.55533950836764,6.692307692307692,nan,nan,nan,nan,nan,860.1944662240835,819.8079475989707,nan,nan,nan,nan,nan,3.2004289970948143,2.2549743010447574
ngc1087,SN1995V,123.1488071983115,15.466903686523438,nan,nan,15.466903686523438,12.753849029541016,4.536659240722656,4.371304512023926,4.203847885131836,1.1405595541000366,nan,nan,1.1405595541000366,0.9069606065750122,0.2801399230957031,0.1639837622642517,0.10871382057666779,6.007981300354004,nan,nan,6.007981300354004,6.287197589874268,8.803016662597656,14.90282154083252,20.871063232421875,13.560803231119014,nan,nan,13.560803231119014,14.062186314468311,16.194261748165093,26.656935123733685,38.668937057245394,6.629858070576079,nan,nan,102.54337623292032,84.55620891941139,30.077406880558648,28.981128497987452,27.870914828715485,nan,nan,7.561747964722781,6.013020097195921,1.8572879300266094,1.0871890696910782,0.7207572007333807
ngc1097,SN1999eu,111.66580536484963,0.0,nan,nan,0.0,0.0,0.0,0.0,0.0,0.7541713714599609,nan,nan,0.7541713714599609,0.5342973470687866,0.12150260806083679,0.06001226231455803,0.03276948630809784,nan,nan,nan,nan,nan,nan,nan,nan,0.0,nan,nan,0.0,0.0,0.0,0.0,0.0,10.912807259453894,nan,nan,0.0,0.0,0.0,0.0,0.0,nan,nan,8.230126817340562,5.830683967799211,1.325934543288881,0.6549022518425602,0.3576070880715851
ngc1097,SN1992bd,111.66580536484963,282.0977783203125,nan,nan,282.0977783203125,260.3741149902344,223.9143524169922,193.74581909179688,167.37948608398438,2.054412841796875,nan,nan,2.054412841796875,1.491909384727478,0.4566611051559448,0.2543865442276001,0.15315735340118408,46.925418853759766,nan,nan,46.925418853759766,49.31303024291992,98.3154525756836,110.4483871459961,116.62813568115234,137.31309140064468,nan,nan,137.31309140064468,174.52408145940848,490.32937092491784,761.6197612970132,1092.859613769549,4.206428083333224,nan,nan,1186.6240169724726,1095.244989467956,941.8796202682084,814.9778544561326,704.0697708375544,nan,nan,8.64173987249479,6.275609533706055,1.9209120972939526,1.0700587036610663,0.644245392515732
ngc1365,SN2001du,130.80896025947337,3.070321559906006,nan,nan,3.070321559906006,2.8034262657165527,2.4074149131774902,2.733246326446533,2.6764848232269287,1.3357118368148804,nan,nan,1.3357118368148804,1.1442593336105347,0.37751707434654236,0.27068665623664856,0.2032235562801361,nan,nan,nan,nan,nan,4.935729026794434,6.934535026550293,9.344526290893555,2.2986406762909666,nan,nan,2.2986406762909666,2.4499920458335014,6.376969617452588,10.097454985209854,13.170150509213085,6.1035414066894775,nan,nan,18.739834772737733,17.110828293401838,14.693756605660566,16.68248212814832,16.336035942941525,nan,nan,8.152572503404881,6.984034222682807,2.304191095006391,1.652147214578705,1.2403833905705002
ngc1365,SN1983V,130.80896025947337,5.4635701179504395,nan,nan,5.4635701179504395,5.265270233154297,4.432641506195068,3.433601140975952,2.623316764831543,1.1439259052276611,nan,nan,1.1439259052276611,0.9760870933532715,0.31946268677711487,0.2068311721086502,0.15018470585346222,2.933166742324829,nan,nan,2.933166742324829,3.6586058139801025,6.8307576179504395,7.752464294433594,7.045748710632324,4.776157348113464,nan,nan,4.776157348113464,5.394262734348704,13.875302780783494,16.600984783726176,17.4672697191361,5.226342740029572,nan,nan,28.55449002059279,27.51810685733977,23.16650375505634,17.945176395296922,13.710352528675198,nan,nan,5.978548849918343,5.101365693983437,1.6696214937479152,1.0809705947618509,0.784916747100719
ngc1365,SN2012fr,130.80896025947337,-2.8842592239379883,nan,nan,-2.8842592239379883,-2.5313384532928467,0.5143470168113708,0.9956735968589783,1.1120128631591797,1.1017647981643677,nan,nan,1.1017647981643677,0.9228527545928955,0.35293927788734436,0.23430968821048737,0.17097511887550354,nan,nan,nan,nan,nan,nan,nan,2.5168092250823975,-2.61785385478226,nan,nan,-2.61785385478226,-2.7429494474549343,1.4573243870452601,4.249391497480612,6.503945547591038,4.810275129364102,nan,nan,-13.874080411547911,-12.176434405877576,2.474150662830357,4.789463939935243,5.349087819187569,nan,nan,5.299791807018918,4.439175653483359,1.6977350305972183,1.1270940657679647,0.8224373620669055
ngc1433,SN1985P,99.14470471842597,0.06414500623941422,nan,0.06414500623941422,0.15902523696422577,0.1435399204492569,0.33913418650627136,0.34823116660118103,0.34329953789711,0.6598317623138428,nan,0.6598317623138428,0.5302872657775879,0.43370234966278076,0.168942391872406,0.10253819078207016,0.06687378883361816,nan,nan,nan,nan,nan,nan,1.8459019660949707,2.622720956802368,0.09721418383146013,nan,0.09721418383146013,0.29988507593339764,0.330964129110355,2.0073954366788116,3.3961118676386164,5.133544007073361,5.304207211252953,nan,0.34023840466096655,0.8435028086768559,0.7613654811496237,1.7988379976489683,1.8470902650690129,1.820931884533657,nan,3.499884391878829,2.8127535391730927,2.3004471306186716,0.8961054532559382,0.5438838109750876,0.35471243297508465
ngc1511,SN1935C,107.1485534400328,2.4725115299224854,nan,nan,2.206209659576416,1.6127102375030518,0.9019374251365662,1.5616151094436646,2.019327402114868,0.8322710990905762,nan,nan,0.7069286704063416,0.5607772469520569,0.178204745054245,0.11592230945825577,0.08798500895500183,nan,nan,nan,nan,nan,4.277022838592529,15.667864799499512,18.242801666259766,2.9708006593334817,nan,nan,3.120837719466506,2.875848202238007,5.061242476242813,13.471221516734968,22.950812031486098,8.97558622877149,nan,nan,19.802025038276717,14.475019798731191,8.09541713226938,14.01641107096404,18.12464722180312,nan,nan,6.3450992388228995,5.033304535151271,1.5994920556106158,1.0404706843809075,0.7897170347148507
ngc1559,SN1984J,117.52870547054496,14.25993824005127,nan,nan,14.25993824005127,13.627583503723145,8.706926345825195,8.799210548400879,9.280631065368652,1.6071393489837646,nan,nan,1.6071393489837646,1.2088830471038818,0.47325268387794495,0.31196051836013794,0.20513038337230682,4.656256675720215,nan,nan,4.656256675720215,5.349282741546631,9.73187255859375,12.441865921020508,15.481377601623535,8.87286982866059,nan,nan,8.87286982866059,11.27287171109787,18.398049588390226,28.206167224798516,45.24259601525984,4.970982697000855,nan,nan,70.88590625159569,67.74248179894204,43.28198020915792,43.74072338336817,46.13385644319618,nan,nan,7.989061895467512,6.009336709851065,2.3525309028664796,1.5507503389156632,1.019699586372889
ngc1559,SN1986L,117.52870547054496,2.0694949626922607,nan,nan,2.0694949626922607,2.06026029586792,1.5911895036697388,1.6934045553207397,2.350349187850952,1.26418137550354,nan,nan,1.26418137550354,0.9569928050041199,0.3846798837184906,0.23893621563911438,0.15887558460235596,nan,nan,nan,nan,nan,nan,1.7739157676696777,14.811400413513184,1.637023771108757,nan,nan,1.637023771108757,2.1528482608174366,4.136399045067233,7.087266159259976,14.793646196384154,7.557693438435582,nan,nan,15.640608500414787,15.570815719550328,12.025722471192354,12.798232496364479,17.76321863505354,nan,nan,9.554295286635572,7.232658243009698,2.907292633077399,1.805806669140364,1.2007329632768426
ngc1559,SN2005df,117.52870547054496,0.0,nan,nan,0.0,0.0,0.0,0.0,0.0,0.4340420663356781,nan,nan,0.4340420663356781,0.3326946198940277,0.11673393100500107,0.07273727655410767,0.051012344658374786,nan,nan,nan,nan,nan,nan,nan,nan,0.0,nan,nan,0.0,0.0,0.0,0.0,0.0,10.677950871542432,nan,nan,0.0,0.0,0.0,0.0,0.0,nan,nan,4.634679860515132,3.5524968064549114,1.2464791803134252,0.7766850655745569,0.544707310104316
ngc1559,SN2009ib,117.52870547054496,3.0266318321228027,nan,nan,3.0266318321228027,3.6781487464904785,4.007073879241943,4.907902240753174,5.460750102996826,1.2478392124176025,nan,nan,1.2478392124176025,0.932989776134491,0.37360942363739014,0.2409023493528366,0.15659695863723755,nan,nan,nan,nan,4.369989395141602,9.937430381774902,13.72153091430664,17.429779052734375,2.425498254906505,nan,nan,2.425498254906505,3.9423248148865797,10.725301948301613,20.372994509758126,34.871367557315395,6.281016444796072,nan,nan,19.01032430990659,23.102512763112756,25.168496931031438,30.826614683622175,34.29906119784491,nan,nan,7.8376986136563405,5.860124126727344,2.34664693379723,1.5131116178751751,0.9835880724055394
ngc1566,ASASSN-14ha,107.5715044627487,67.5704116821289,nan,nan,65.49005889892578,61.47018814086914,27.1928653717041,26.058115005493164,27.509992599487305,1.9442304372787476,nan,nan,1.7264034748077393,1.4010099172592163,0.592937171459198,0.40141287446022034,0.27739909291267395,12.188040733337402,nan,nan,12.932862281799316,13.762829780578613,19.730430603027344,29.85703468322754,43.81895446777344,34.75432252603976,nan,nan,37.93438779206528,43.875626705857115,45.86129303511769,64.91599214532792,99.17116999422753,4.303624864500136,nan,nan,281.84464585499535,264.5446301085458,117.02789155067049,112.14435165964447,118.39268817336828,nan,nan,7.42979292034202,6.029421115328041,2.5517791541781847,1.7275304274574756,1.193821633648767
ngc1566,SN2010el,107.5715044627487,15.783489227294922,nan,nan,15.321443557739258,15.370909690856934,14.63524055480957,15.009079933166504,14.57364559173584,1.5679908990859985,nan,nan,1.3916213512420654,1.139516830444336,0.41213810443878174,0.2526814639568329,0.16522885859012604,6.4476847648620605,nan,nan,7.41393518447876,9.033162117004395,14.209155082702637,15.788019180297852,16.774457931518555,10.066059207674812,nan,nan,11.009779020754742,13.488971185149849,35.510525227311184,59.399212344798656,88.20278561560403,4.5681594755839585,nan,nan,69.99079756791139,70.21676675263339,66.85611281790396,68.5638707164916,66.57473720369046,nan,nan,6.3571482621013935,5.205494606581692,1.882712587041232,1.1542892238788327,0.7547917760084062
ngc1637,SN1999em,78.8733258817267,3.399592876434326,nan,3.272808313369751,3.039271354675293,2.9616308212280273,3.8183584213256836,3.8756113052368164,4.004761695861816,0.6058809161186218,nan,0.5043249726295471,0.36427754163742065,0.2952243983745575,0.08486080169677734,0.05299988016486168,0.042810212820768356,3.604067802429199,nan,3.674030065536499,3.742617607116699,3.950456380844116,6.500604629516602,7.9651899337768555,9.459827423095703,5.610991840133714,nan,6.48948295442391,8.34328501563348,10.031795602037414,44.99554971174269,73.1249069466067,93.54687659760947,7.200359490582034,nan,23.565396400027666,21.88384634309036,21.32480659122949,27.49355329743622,27.905794643468937,28.835723884318032,nan,3.6313211030106842,2.622929254134894,2.1257217986876165,0.6110282788757907,0.38161819014477233,0.3082489221778561
ngc1672,SN2017gax,181.746522057697,7.968021392822266,nan,nan,nan,nan,4.921538352966309,3.655991315841675,3.0297727584838867,1.0036436319351196,nan,nan,nan,nan,0.3785824179649353,0.23900316655635834,0.15954037010669708,5.08784818649292,nan,nan,nan,nan,6.036718368530273,6.427026748657227,7.19545841217041,7.9390942554571575,nan,nan,nan,nan,12.99991261987805,15.296832123684732,18.99063388443716,6.692307692307692,nan,nan,nan,nan,32.936448977543755,24.46701880601736,20.27617153754601,nan,nan,nan,nan,2.5335900279191823,1.5994827300310133,1.067693246098665
ngc2775,SN1993Z,122.57293004001274,-0.38350942730903625,nan,nan,-0.38350942730903625,0.15208368003368378,1.6620205640792847,2.2683489322662354,2.4687201976776123,1.6052350997924805,nan,nan,1.6052350997924805,1.294608473777771,0.5781271457672119,0.363608717918396,0.24556951224803925,nan,nan,nan,nan,nan,3.4430792331695557,5.321804523468018,7.90779447555542,-0.23891168798801815,nan,nan,-0.23891168798801815,0.11747465207754391,2.8748357108775378,6.238433845184417,10.053040277996985,5.474581647808236,nan,nan,-2.0995536725074966,0.832594523643545,9.098867278388344,12.41826143541014,13.515210287779377,nan,nan,8.787990617741537,7.087439791640815,3.1650042623169354,1.9906056140991324,1.3443903450143355
ngc2997,SN2008eh,120.5176661654163,14.246207237243652,nan,nan,14.246207237243652,13.20206356048584,9.838434219360352,7.661895275115967,6.231822490692139,0.604849636554718,nan,nan,0.604849636554718,0.4912261366844177,0.14890073239803314,0.07805385440587997,0.05324060469865799,5.487145900726318,nan,nan,5.487145900726318,5.907916069030762,9.295985221862793,10.870308876037598,12.28605842590332,23.553303790329487,nan,nan,23.553303790329487,26.875735174831192,66.0737798996233,98.16165176512767,117.05018239301143,7.38683854666736,nan,nan,105.23443276388294,97.52151200414934,72.67492513042224,56.597183358755146,46.03346659023329,nan,nan,4.467926610240134,3.6286081615909462,1.0999056697047926,0.5765712204413161,0.3932797510359262
ngc2997,SN2003jg,120.5176661654163,106.31340026855469,nan,nan,106.31340026855469,101.05767822265625,49.659358978271484,40.3956184387207,35.756282806396484,1.0844452381134033,nan,nan,1.0844452381134033,0.8330814242362976,0.22872264683246613,0.11833222955465317,0.06862509250640869,11.921133041381836,nan,nan,11.921133041381836,12.913503646850586,18.985553741455078,22.12933349609375,26.05636978149414,98.03482604018518,nan,nan,98.03482604018518,121.30588353389088,217.11605591310675,341.3746076681797,521.0380270606894,4.474584633626351,nan,nan,475.70830719024235,452.19113408505393,222.20500459990834,180.75361353173292,159.99451360109978,nan,nan,4.8524419984715035,3.727693339447292,1.0234388408788997,0.529487576027997,0.30706878441036317
ngc3239,SN2012A,67.5115633894789,0.0,nan,0.0,0.0,0.0,0.0,0.0,0.0,0.7931506037712097,nan,0.6394544839859009,0.5552335381507874,0.508427619934082,0.15403300523757935,0.05687533691525459,0.026387570425868034,nan,nan,nan,nan,nan,nan,nan,nan,0.0,nan,0.0,0.0,0.0,0.0,0.0,0.0,7.393127015214071,nan,0.0,0.0,0.0,0.0,0.0,0.0,nan,4.727568220555937,4.1049120706554785,3.758869972215654,1.1387855722565583,0.4204865898475708,0.19508665978134881
ngc3627,SN1989B,89.24925814494215,9.774725914001465,nan,9.774725914001465,17.696874618530273,28.26753807067871,48.920188903808594,40.365013122558594,34.815677642822266,1.639086127281189,nan,1.639086127281189,1.1331961154937744,0.8726234436035156,0.18240296840667725,0.08658990263938904,0.05835059657692909,4.702906131744385,nan,4.702906131744385,14.300390243530273,19.218685150146484,31.298355102539062,36.395015716552734,38.393821716308594,5.963521837754282,nan,5.963521837754282,15.61678016414582,32.39374128426731,268.1984253388815,466.1630501036836,596.6636107468323,5.053912420921165,nan,49.40060870787199,89.43845444607466,142.86166176426505,247.238350334768,204.0012411907447,175.95538568184676,nan,8.28379773762597,5.727073923433601,4.410162460414807,0.9218486276433969,0.43761778447556265,0.29489880480830194
ngc3627,SN2016cok,89.24925814494215,3.447918653488159,nan,3.447918653488159,3.8477632999420166,3.6405117511749268,4.7616472244262695,4.767528057098389,4.777758598327637,1.6142840385437012,nan,1.6142840385437012,1.1600689888000488,0.9202136993408203,0.26981982588768005,0.149191215634346,0.08997344970703125,3.4816348552703857,nan,3.4816348552703857,4.639389991760254,5.337199687957764,10.03156852722168,12.52772331237793,16.16504669189453,2.135881029089924,nan,2.135881029089924,3.3168400647637886,3.9561590462984264,17.64750684558086,31.955822846722846,53.101871873145086,6.169747163149507,nan,21.272786331128838,23.739726704288042,22.46103704922395,29.3781594548227,29.414442705518464,29.477562558245104,nan,9.959724367322531,7.157332352706819,5.67748586099934,1.664720105332008,0.9204720794268327,0.5551134360887309
ngc3627,SN2009hd,89.24925814494215,68.43151092529297,nan,68.43151092529297,96.36500549316406,114.98904418945312,101.64634704589844,74.12576293945312,55.4414176940918,1.959049940109253,nan,1.959049940109253,1.3928903341293335,1.1135802268981934,0.29626208543777466,0.14860141277313232,0.09046163409948349,17.74269676208496,nan,17.74269676208496,23.34103012084961,26.022382736206055,39.29839324951172,41.27503204345703,42.76874923706055,34.930968080107576,nan,34.930968080107576,69.18348353203255,103.26067346736909,343.096035713445,498.8227336211122,612.8721667035236,5.214173899570425,nan,356.813798174831,502.4638964744167,599.5728729491967,530.001729753401,386.5046184046412,289.0811930957154,nan,10.21482706567267,7.262772425181099,5.806400954170272,1.5447620333219478,0.7748336079209577,0.47168269143401675
ngc3627,SN1973R,89.24925814494215,10.597807884216309,nan,10.597807884216309,11.408000946044922,11.597638130187988,12.283456802368164,14.087485313415527,14.182056427001953,1.4858373403549194,nan,1.4858373403549194,1.0065913200378418,0.7775864601135254,0.18702666461467743,0.10418105870485306,0.06427794694900513,8.912955284118652,nan,8.912955284118652,10.34438705444336,10.452491760253906,14.820991516113281,17.878705978393555,20.47446060180664,7.132549166980033,nan,7.132549166980033,11.333299541680978,14.914917793829341,65.67756970737416,135.22117636878355,220.63642509075905,5.771662834988039,nan,61.16697389767449,65.84313508179586,66.93765696964618,70.89597111140935,81.30821542188022,81.85404800343044,nan,8.575752156163961,5.809705711883963,4.487966872827143,1.0794548493083063,0.6012979446365075,0.3709906375149057
ngc4254,SN1967H,113.13377612114876,13.50447940826416,nan,nan,13.50447940826416,13.967912673950195,12.66471004486084,13.596553802490234,13.744880676269531,0.9895024299621582,nan,nan,0.9895024299621582,0.6991239786148071,0.19791929423809052,0.10547419637441635,0.06778743863105774,5.941089630126953,nan,nan,5.941089630126953,5.704648971557617,8.545672416687012,10.45429801940918,12.269801139831543,13.64774759449617,nan,nan,13.64774759449617,19.9791640699053,63.989264379781,128.90881627791376,202.76441998462127,6.084862340678348,nan,nan,82.17289818181281,84.99282580760335,77.06301720758452,82.73315819577982,83.63570680415002,nan,nan,6.020986072086451,4.254073168938454,1.2043116600029942,0.6417959654319988,0.4124772324971679
ngc4254,SN1972Q,113.13377612114876,2.6713454723358154,nan,nan,2.6713454723358154,2.103114366531372,1.35248863697052,1.3330671787261963,1.3318581581115723,0.7750155925750732,nan,nan,0.7750155925750732,0.5420306324958801,0.15149438381195068,0.08889375627040863,0.06402065604925156,1.7487493753433228,nan,nan,1.7487493753433228,2.9733145236968994,6.8195881843566895,7.095390319824219,8.066129684448242,3.4468280353689154,nan,nan,3.4468280353689154,3.8800655174177034,8.927648688609858,14.996184598962143,20.803569352475304,11.26610251920252,nan,nan,30.095651955542774,23.6939020629501,15.237275640166358,15.018471500513394,15.004850550321212,nan,nan,8.731405119931265,6.10657267424677,1.706751259108851,1.0014861714594254,0.721263274397471
ngc4254,SN1986I,113.13377612114876,8.04161262512207,nan,nan,8.04161262512207,9.974013328552246,17.547128677368164,17.35063362121582,16.201438903808594,1.0142433643341064,nan,nan,1.0142433643341064,0.742061197757721,0.20957466959953308,0.11328569799661636,0.07304016500711441,5.84504508972168,nan,nan,5.84504508972168,6.830017566680908,12.275113105773926,14.352664947509766,16.130084991455078,7.9286815254657625,nan,nan,7.9286815254657625,13.44095791383598,83.72733551673106,153.15820026755762,221.81547511879947,5.976873664160871,nan,nan,48.06370271647567,59.61341758941342,104.87697127340375,103.702545147149,96.83395350568495,nan,nan,6.06200445333844,4.435206030073794,1.2526013234046651,0.6770943048820582,0.4365518386569865
ngc4254,SN2014L,113.13377612114876,42.471534729003906,nan,nan,42.471534729003906,44.8104362487793,37.55014419555664,30.816030502319336,27.01165771484375,1.3062145709991455,nan,nan,1.3062145709991455,0.9495238065719604,0.25436732172966003,0.14091558754444122,0.09083516895771027,7.91919469833374,nan,nan,7.91919469833374,8.315178871154785,12.341151237487793,15.408178329467773,18.813976287841797,32.514975465720546,nan,nan,32.514975465720546,47.19253581493357,147.62173041812616,218.68432754183945,297.3700387723113,5.041903528920723,nan,nan,214.13738082884382,225.9298966551974,189.32420453105902,155.3714529369725,136.19017235446938,nan,nan,6.58580785504826,4.787407431149405,1.2824954970708857,0.7104827981202553,0.4579821589179895
ngc4303,SN1961I,149.34385530047734,1.7587852478027344,nan,nan,nan,1.7587852478027344,1.9040347337722778,1.7921884059906006,1.7532508373260498,1.951517939567566,nan,nan,nan,1.951517939567566,0.44509726762771606,0.2075202912092209,0.11327396333217621,nan,nan,nan,nan,nan,nan,3.640650749206543,7.9985880851745605,0.9012396002839006,nan,nan,nan,0.9012396002839006,4.277794702988004,8.636208033188067,15.477968508832316,6.37476484661066,nan,nan,nan,11.21184237043029,12.137773687577203,11.424779649012073,11.176561805076807,nan,nan,nan,12.440467958685385,2.837390414995621,1.3228930573589484,0.7220948794862218
ngc4303,SN1926A,149.34385530047734,-0.9256303906440735,nan,nan,nan,-0.9256303906440735,-0.017320869490504265,0.37765076756477356,0.6259422898292542,0.9652729630470276,nan,nan,nan,0.9652729630470276,0.3479021191596985,0.21922288835048676,0.11918622255325317,nan,nan,nan,nan,nan,nan,nan,1.8840171098709106,-0.9589312309361526,nan,nan,nan,-0.9589312309361526,-0.04978661679997821,1.722679462926322,5.2518007234399855,6.0348029024172725,nan,nan,nan,-5.585996968024489,-0.10452803347368592,2.2790479482000063,3.7774383474072963,nan,nan,nan,5.825232079021123,2.099520718462068,1.3229669228938152,0.7192653617925232
ngc4303,SN1999gn,149.34385530047734,6.382997035980225,nan,nan,nan,6.382997035980225,9.377272605895996,7.970437049865723,7.122220516204834,0.9014947414398193,nan,nan,nan,0.9014947414398193,0.2384788542985916,0.1325761377811432,0.0827925056219101,3.0565872192382812,nan,nan,nan,3.0565872192382812,6.591360569000244,7.685065269470215,8.414108276367188,7.080459533003645,nan,nan,nan,7.080459533003645,39.32119111137216,60.119695619911084,86.02494226627222,5.367623021759306,nan,nan,nan,34.261521838148866,50.33366432072023,42.78230140234258,38.22939480882752,nan,nan,nan,4.838883928147328,1.2800645885359037,0.7116187292899979,0.4443989592053014
ngc4303,SN2006ov,149.34385530047734,-0.7098835706710815,nan,nan,nan,-0.7098835706710815,5.235169887542725,6.051185131072998,7.012049674987793,1.3054817914962769,nan,nan,nan,1.3054817914962769,0.3548451364040375,0.20879733562469482,0.14446032047271729,nan,nan,nan,nan,nan,6.076566696166992,7.420620441436768,9.714367866516113,-0.5437713304736707,nan,nan,nan,-0.5437713304736707,14.753393383365415,28.981141512024706,48.53962425143647,5.452868628705801,nan,nan,nan,-3.8709018525459977,28.546693645726997,32.99631756771895,38.235785695667644,nan,nan,nan,7.118620706196696,1.9349239123464066,1.1385444411852546,0.7877231495984665
ngc4303,SN2020jfo,149.34385530047734,1.3566794395446777,nan,nan,nan,1.3566794395446777,2.7067763805389404,3.2575535774230957,3.7856345176696777,1.066467523574829,nan,nan,nan,1.066467523574829,0.315779447555542,0.1994115263223648,0.11968716233968735,nan,nan,nan,nan,nan,5.4874982833862305,7.451867580413818,7.868338108062744,1.2721244759493942,nan,nan,nan,1.2721244759493942,8.571730685743407,16.335833928461074,31.62941157319418,6.020168475475144,nan,nan,nan,8.167438793272154,16.29524983628124,19.611021353973797,22.790157582945543,nan,nan,nan,6.420314165543231,1.9010454753768302,1.2004909844122824,0.7205368816364616
ngc4303,SN1964F,149.34385530047734,2.017420768737793,nan,nan,nan,2.017420768737793,6.010025501251221,4.772434711456299,4.047948837280273,1.1028443574905396,nan,nan,nan,1.1028443574905396,0.30361679196357727,0.17580381035804749,0.10539326816797256,2.239532709121704,nan,nan,nan,2.239532709121704,6.139101982116699,6.753955841064453,8.646897315979004,1.8292887432713723,nan,nan,nan,1.8292887432713723,19.794773083473594,27.146366746753728,38.408039788924434,4.920706819090329,nan,nan,nan,9.927136133702511,29.573573466913654,23.483752028326396,19.91876944693381,nan,nan,nan,5.426773750298991,1.4940092186055045,0.8650790084509072,0.5186093733603583
ngc4303,SN2014dt,149.34385530047734,1.2786945104599,nan,nan,nan,1.2786945104599,7.3714094161987305,8.077857971191406,7.585595607757568,0.9955321550369263,nan,nan,nan,0.9955321550369263,0.28358590602874756,0.16101515293121338,0.10144851356744766,nan,nan,nan,nan,nan,6.591657638549805,8.04549789428711,9.11156177520752,1.2844331586783055,nan,nan,nan,1.2844331586783055,25.993567590948892,50.16830915685504,74.77286104063332,5.105068947733356,nan,nan,nan,6.52782363898594,37.63155331166541,41.238021892929616,38.724988587225695,nan,nan,nan,5.0822602911490815,1.4477256028821888,0.8219934573436749,0.5179016564068831
ngc4321,SN1959E,122.89275219530901,17.931827545166016,nan,nan,17.931827545166016,17.329782485961914,13.814295768737793,12.935508728027344,11.65188980102539,1.3531885147094727,nan,nan,1.3531885147094727,1.0754051208496094,0.2787444591522217,0.1457546502351761,0.08170046657323837,7.186051845550537,nan,nan,7.186051845550537,7.293866157531738,10.673908233642578,12.660531044006348,14.531937599182129,13.25153690726968,nan,nan,13.25153690726968,16.114654979763117,49.558996834422594,88.74851476200462,142.61717576092838,5.666640005087388,nan,nan,101.61321133176573,98.20163871441456,78.28064104523901,73.30087124439683,66.0270648813602,nan,nan,7.668032171877481,6.093933679482234,1.5795445034284268,0.8259391319501688,0.4629671323182175
ngc4321,SN2006X,122.89275219530901,0.00961965974420309,nan,nan,0.00961965974420309,0.4542406499385834,4.376782417297363,4.898399829864502,4.950248718261719,1.2862663269042969,nan,nan,1.2862663269042969,1.0318584442138672,0.2810809314250946,0.1446082442998886,0.07719770073890686,nan,nan,nan,nan,nan,8.72553825378418,9.433574676513672,10.788125038146973,0.007478746464081874,nan,nan,0.007478746464081874,0.44021605142229725,15.571253429063487,33.87358620927725,64.12430254890795,5.302988049688769,nan,nan,0.05101294066558111,2.408832738307167,23.21002485501584,25.97615576036895,26.25110979592904,nan,nan,6.821054960290553,5.471932998636583,1.490568820342665,0.7668557914087833,0.4093784844818729
ngc4321,SN2020oi,122.89275219530901,14.31391429901123,nan,nan,14.31391429901123,18.77669906616211,108.43074798583984,107.32831573486328,91.32445526123047,2.0576884746551514,nan,nan,2.0576884746551514,1.6606816053390503,0.5176824331283569,0.295414537191391,0.1725476235151291,10.249046325683594,nan,nan,10.249046325683594,12.527762413024902,44.11170959472656,49.51082229614258,52.91892623901367,6.956307757621135,nan,nan,6.956307757621135,11.306621935111153,209.45417701464663,363.314265964265,529.2710116823085,4.246785193561616,nan,nan,60.78811930695078,79.74060757813946,460.48209507307564,455.80030211272356,387.83534441347376,nan,nan,8.738560947127883,7.052558052774013,2.1984860919764575,1.2545620825072565,0.7327726927282943
ngc4321,SN2019ehk,122.89275219530901,0.8533687591552734,nan,nan,0.8533687591552734,0.2082773596048355,2.4250617027282715,2.966567039489746,4.255796909332275,1.927997350692749,nan,nan,1.927997350692749,1.5100401639938354,0.45335203409194946,0.2685282230377197,0.16156423091888428,5.009367942810059,nan,nan,5.009367942810059,4.499788761138916,5.565593719482422,8.745107650756836,15.169445991516113,0.4426192592270157,nan,nan,0.4426192592270157,0.1379283575173076,5.349180152209082,11.047505569174518,26.341207364574164,4.7004750944605895,nan,nan,4.0112385988001,0.9790025415625414,11.39894213620443,13.944274485169236,20.004267379398712,nan,nan,9.062503529117265,7.097906182488208,2.1309699452722564,1.2622102245485598,0.759428643589895
ngc4321,SN1901B,122.89275219530901,6.170846462249756,nan,nan,6.170846462249756,5.9207563400268555,6.212408065795898,6.033936977386475,5.244757175445557,1.2138640880584717,nan,nan,1.2138640880584717,0.9734418988227844,0.27170467376708984,0.1647694706916809,0.10345045477151871,2.744281053543091,nan,nan,2.744281053543091,4.029609203338623,10.151252746582031,13.131563186645508,13.50499439239502,5.08363870630672,nan,nan,5.08363870630672,6.082290424510207,22.864560920734426,36.6204792189766,50.698251515947014,7.5419200434386395,nan,nan,46.54003061862385,44.653870913164944,46.85348490944596,45.50747023059662,39.555539264461466,nan,nan,9.154865895738553,7.341620967854526,2.0491749249799716,1.2426781735563637,0.7802150583441594
ngc4321,SN1979C,122.89275219530901,1.2450019121170044,nan,nan,1.2450019121170044,1.1129741668701172,1.823836088180542,1.7618968486785889,1.8028435707092285,0.9978695511817932,nan,nan,0.9978695511817932,0.8127042651176453,0.2506979703903198,0.13060377538204193,0.06793591380119324,nan,nan,nan,nan,nan,5.667973518371582,6.304020881652832,7.43648099899292,1.2476599878636725,nan,nan,1.2476599878636725,1.369470070037107,7.275033321334641,13.490397528897548,26.537415482259444,6.534167833837734,nan,nan,8.135051447221404,7.272360001055071,11.917251101581739,11.512529715175704,11.780082469169406,nan,nan,6.520247123698169,5.310346067554452,1.6381026141328325,0.8533869880791068,0.44390466272212986
ngc4424,SN2012cg,89.44565876868351,-0.295502632856369,nan,-0.295502632856369,-0.562279462814331,-0.5021461248397827,0.023414690047502518,0.5637328624725342,0.8915233016014099,1.0211249589920044,nan,1.0211249589920044,0.7271793484687805,0.6038720607757568,0.2430136650800705,0.15957245230674744,0.11975491046905518,nan,nan,nan,nan,nan,nan,nan,3.4520153999328613,-0.2893892958488373,nan,-0.2893892958488373,-0.7732335413516918,-0.8315438939081018,0.09635133085947088,3.532770564864579,7.44456572268726,5.764836533261279,nan,-1.703524373565291,-3.241449189134583,-2.8947903255119587,0.1349818606008318,3.2498278005816217,5.139486099325522,nan,5.886618468622033,4.192070074285961,3.4812237173758587,1.4009340545353113,0.9199091027600308,0.6903674829094429
ngc4457,SN2020nvb,81.33289080602722,14.789048194885254,nan,14.358511924743652,13.185251235961914,12.403838157653809,23.569425582885742,26.61707878112793,25.024417877197266,2.2111451625823975,nan,1.9452532529830933,1.473581075668335,1.22211754322052,0.4214463531970978,0.22742220759391785,0.15869341790676117,6.346347808837891,nan,6.596534729003906,7.62722635269165,8.198078155517578,36.12444305419922,48.075889587402344,52.21161651611328,6.688411256370485,nan,7.381307242501471,8.947760970655661,10.149464121893919,55.92509083086794,117.03816906330907,157.6903327641486,4.685476556256886,nan,67.27647100612133,61.77918555445668,58.117892895291526,110.43399101305245,124.71369862501753,117.25132329758351,nan,9.11443851283473,6.904429583787788,5.726203097750009,1.9746770076249611,1.065581422053489,0.7435542892344063
ngc4496a,SN1988M,90.32171534735664,0.0,nan,0.0,0.0,0.0,0.0,0.0,0.0,0.5231253504753113,nan,0.5231253504753113,0.40037479996681213,0.3458735942840576,0.15175065398216248,0.09143877774477005,0.05687061324715614,nan,nan,nan,nan,nan,nan,nan,nan,0.0,nan,0.0,0.0,0.0,0.0,0.0,0.0,14.557394028584952,nan,0.0,0.0,0.0,0.0,0.0,0.0,nan,7.6153418532107064,5.828413722232765,5.035018196075955,2.2090940641137933,1.331110317122822,0.8278879256861151
ngc4496a,SN1960F,90.32171534735664,-0.3033433258533478,nan,-0.3033433258533478,-0.06782698631286621,-0.042533956468105316,2.156248092651367,1.8859795331954956,1.4939630031585693,0.8615610003471375,nan,0.8615610003471375,0.675987720489502,0.5871729254722595,0.22897031903266907,0.14924068748950958,0.10139285027980804,nan,nan,nan,nan,nan,6.038199424743652,6.539390563964844,7.151946067810059,-0.35208572083825246,nan,-0.35208572083825246,-0.10033760119747553,-0.07243855195451242,9.417151103954733,12.63716728273625,14.734401873857626,8.536847498143494,nan,-2.589595712389679,-0.5790286384116049,-0.36310589986088915,18.407561135127505,16.1003196595098,12.753734325833173,nan,7.355014870311466,5.770804080436529,5.012605719795455,1.9546846951831587,1.274044989616035,0.8655753002408172
ngc4536,SN1981B,116.31021061381435,-0.32668718695640564,nan,nan,-0.32668718695640564,-0.01144673302769661,0.35695502161979675,0.32592183351516724,0.2780652642250061,0.4232988953590393,nan,nan,0.4232988953590393,0.3203408420085907,0.10755953192710876,0.06112402677536011,0.03791852667927742,nan,nan,nan,nan,nan,nan,1.6934887170791626,5.414748668670654,-0.7717647991481569,nan,nan,-0.7717647991481569,-0.03573298039651665,3.3186739959197573,5.332139433695664,7.333229652537359,10.31176566072242,nan,nan,-3.368721716255069,-0.11803602856245908,3.680836534361449,3.360829570921391,2.8673438430751244,nan,nan,4.364959013385074,3.3032796943510916,1.109128687809337,0.6302966403472361,0.3910069613165598
ngc4579,SN1989M,182.65057736985878,6.764846324920654,nan,nan,nan,nan,3.717038154602051,3.2097177505493164,3.107386350631714,0.557327926158905,nan,nan,nan,nan,0.2321893274784088,0.14393402636051178,0.09960786253213882,4.653823375701904,nan,nan,nan,nan,6.839446544647217,9.868728637695312,11.121484756469727,12.13799992321193,nan,nan,nan,nan,16.00865205549853,22.29992331701978,31.196195477330967,6.692307692307692,nan,nan,nan,nan,24.87556303464449,21.48041879213773,20.795585577304543,nan,nan,nan,nan,1.553882422355505,0.963250791797271,0.6666064646381598
ngc4579,SN1988A,182.65057736985878,0.7424981594085693,nan,nan,nan,nan,1.7321408987045288,1.818114995956421,1.7538065910339355,0.5541307330131531,nan,nan,nan,nan,0.21966777741909027,0.1356523185968399,0.09098965674638748,nan,nan,nan,nan,nan,4.34444522857666,6.7219696044921875,7.434226036071777,1.33993318755512,nan,nan,nan,nan,7.885275296430422,13.402756508422664,19.27479071519375,6.692307692307692,nan,nan,nan,nan,11.592019860561075,12.167384972939123,11.737013339996336,nan,nan,nan,nan,1.4700843565739117,0.9078270552250054,0.6089307797642854
ngc4945,SN2011ja,132.8612454319675,48.651939392089844,nan,nan,48.651939392089844,48.277645111083984,29.192386627197266,21.839136123657227,17.18722915649414,0.7248021364212036,nan,nan,0.7248021364212036,0.5998762249946594,0.09169463813304901,0.06341568380594254,0.050633396953344345,11.348099708557129,nan,nan,11.348099708557129,11.618279457092285,22.94391632080078,29.85637092590332,34.82785415649414,67.12444258555108,nan,nan,67.12444258555108,80.47934407054353,318.3652525553248,344.38067703388435,339.44452062600396,6.7,nan,nan,325.96799392700194,323.4602222442627,195.5889904022217,146.32221202850343,115.15443534851075,nan,nan,4.856174314022065,4.019170707464219,0.6143540754914284,0.424885081499815,0.3392437595874071
ngc5128,SN1986G,145.48273291568873,9.314562797546387,nan,nan,nan,9.314562797546387,14.890734672546387,17.228103637695312,17.113990783691406,0.9835507869720459,nan,nan,nan,0.9835507869720459,0.12011269479990005,0.08458099514245987,0.07287342846393585,8.594614028930664,nan,nan,nan,8.594614028930664,36.90363693237305,48.203948974609375,43.96977996826172,9.470342478421626,nan,nan,nan,9.470342478421626,123.9730296398177,203.68764411766495,234.84541820563453,4.838774135471994,nan,nan,nan,45.07106554799712,72.0529017916935,83.36290228531105,82.81073595883207,nan,nan,nan,4.759180108923461,0.581198200939598,0.40926833164781723,0.35261806081446145
ngc5128,SN2016adj,145.48273291568873,67.5713119506836,nan,nan,nan,67.5713119506836,67.86510467529297,53.374263763427734,43.1256217956543,1.4254164695739746,nan,nan,nan,1.4254164695739746,0.17181427776813507,0.11165882647037506,0.09297400712966919,35.12788009643555,nan,nan,nan,35.12788009643555,67.25611877441406,84.099365234375,96.3857650756836,47.40461008625722,nan,nan,nan,47.40461008625722,394.99106568359554,478.0120430299239,463.8460052120563,4.3425294426087335,nan,nan,nan,293.4304116215429,294.70621517818336,231.77931187024936,187.2742823784377,nan,nan,nan,6.189912987104381,0.7461085598686817,0.4848817414747431,0.40374236335790276
ngc5236,SN1983N,50.69968757298903,2.5388102531433105,2.352609872817993,2.0747275352478027,1.7841945886611938,1.5547443628311157,1.9858909845352173,2.08491587638855,2.2154974937438965,0.743571937084198,0.66567063331604,0.5150554776191711,0.4037889242172241,0.31346723437309265,0.05788576975464821,0.02923988737165928,0.020604467019438744,nan,nan,3.8591697216033936,3.6428279876708984,3.5471982955932617,8.638157844543457,10.044561386108398,11.30960464477539,3.41434382677063,3.5341950734681817,4.028163227849105,4.41863181888902,4.959830541589043,34.307067055556445,71.30382719631649,107.52510567993549,6.448827085395301,15.17157426919707,13.379559124121464,11.505962388974035,10.026277557890959,12.806667569713051,13.445261974425161,14.287360245281047,4.292794810080723,3.3215037145517243,2.6039649512746657,2.021495991409157,0.3732953198527315,0.18856297765626437,0.13287464499509077
ngc5236,SN1968L,50.69968757298903,157.89561462402344,164.29913330078125,181.96917724609375,202.79049682617188,222.9096221923828,205.35548400878906,137.11279296875,95.94841766357422,1.1755878925323486,0.9599323868751526,0.6156549453735352,0.4450325667858124,0.3551063537597656,0.07494845986366272,0.05347259342670441,0.050196584314107895,14.017309188842773,15.185856819152832,20.49120330810547,25.899349212646484,30.699535369873047,45.719520568847656,42.519447326660156,40.938941955566406,134.3120455960962,171.15698516602893,295.570073161173,455.67563356272746,627.7263693884347,2739.9560228768837,2564.1694965981465,1911.4531192634881,4.356201929972925,715.7202015777422,792.6944811150188,883.3963536543382,971.0393264039935,894.569955769611,597.2910133544468,417.9706822039103,4.181659316349056,2.6819172612335693,1.9386517263331604,1.5469149835939393,0.32649062550658586,0.23293741468606727,0.21866645746716545
ngc5236,SN1923A,50.69968757298903,3.2454817295074463,3.041576385498047,2.633491039276123,2.526012659072876,2.545790910720825,4.164422988891602,4.582225322723389,5.0682878494262695,0.6980839371681213,0.6445639133453369,0.5080330967903137,0.40101930499076843,0.3165229260921478,0.040937453508377075,0.02114437334239483,0.018885672092437744,6.310522079467773,5.9792962074279785,5.600820541381836,6.416561603546143,7.461651802062988,6.986499786376953,7.857295036315918,8.778962135314941,4.649128216118556,4.718812708133207,5.183699754827339,6.298980192813973,8.042990573073627,101.72647861546716,216.71133253856945,268.36682457574426,5.9682341177841,18.152839955775885,15.717291069486464,15.075834933833274,15.193876170108684,24.85425136318729,27.347793506451985,30.248728461696462,3.8469083387200738,3.032060461227462,2.3933770979359714,1.8890829265640117,0.24432430672389643,0.12619457038124543,0.11271411251936997
ngc5236,SN1950B,50.69968757298903,59.583003997802734,62.433616638183594,67.23001861572266,65.45752716064453,60.68531036376953,25.781206130981445,19.218088150024414,15.967820167541504,0.8506538271903992,0.7330889701843262,0.5201269388198853,0.4038389325141907,0.32495999336242676,0.06123722717165947,0.041298795491456985,0.033832672983407974,5.788224697113037,6.1064043045043945,6.681667804718018,7.089045524597168,7.4819512367248535,10.048575401306152,11.714366912841797,13.406866073608398,70.0437734990246,85.16512889627221,129.25694402266623,162.08820371310878,186.74701995112184,421.0054458983238,465.34258254577526,471.9644875642061,5.517020417270828,344.4475377169186,370.90938535643977,361.13051380933564,334.80209630533346,142.2354406064925,106.02658470459525,88.09478988363537,4.044466816182973,2.869550941041882,2.227987635969646,1.7928109181767011,0.33784703260309723,0.22784629793506062,0.18665554762030895
ngc5236,SN1957D,50.69968757298903,41.36034393310547,38.501529693603516,31.9804630279541,27.75986671447754,24.643875122070312,11.990213394165039,9.148086547851562,7.823264122009277,0.666938841342926,0.5762447714805603,0.41536277532577515,0.3214409649372101,0.26038581132888794,0.04305550456047058,0.023344073444604874,0.02128056064248085,5.340254306793213,5.422938346862793,5.8041486740112305,6.14930534362793,6.498789310455322,9.267144203186035,9.767258644104004,10.247411727905273,62.01519745022444,66.81454062425688,76.99405177286614,86.36069991856863,94.64369427926755,278.4827054418798,391.88047319846856,367.62490676078613,5.94981812672768,229.07709927774624,190.27793862486573,165.16615817334284,146.62657491410727,71.33958899593618,54.429451167280874,46.54699868330911,3.4285515867870875,2.471332969801214,1.9125152798562493,1.5492482201873112,0.2561724214892942,0.13889299133237235,0.12661546545756022
ngc5530,SN2007it,66.92936060767958,1.264719843864441,nan,1.6753138303756714,2.1807479858398438,2.5444424152374268,3.2769296169281006,2.9159741401672363,2.67687726020813,1.6904544830322266,nan,1.2609670162200928,1.0127352476119995,0.8619760274887085,0.25256362557411194,0.11914363503456116,0.06845573335886002,1.782974362373352,nan,1.731729507446289,1.738126516342163,2.3076536655426025,9.691722869873047,12.280269622802734,14.012927055358887,0.7481537400497582,nan,1.3285944904392784,2.153324860551644,2.9518714373651855,12.974669687605203,24.47444329964728,39.10377011338627,6.187592418588971,nan,10.366159155589754,13.493579704035787,15.743972598059312,20.276304853953977,18.042859482500283,16.56342544075704,nan,7.802349949654202,6.266392940161833,5.333556332694571,1.5627607748137187,0.737212252862982,0.42357617674023035
ngc6744,SN2005at,51.6307732695387,7.678491115570068,7.417896747589111,6.817057132720947,6.181743144989014,5.625293254852295,2.4742674827575684,1.9996764659881592,1.9126501083374023,1.797761082649231,1.4641156196594238,0.9526326656341553,0.7281206250190735,0.5904022455215454,0.1398678421974182,0.06524473428726196,0.04061729088425636,3.072154998779297,4.0313615798950195,3.929675817489624,4.277412414550781,4.484193325042725,5.497471809387207,5.942809581756592,7.069946765899658,4.271141026289672,5.066469237801472,7.1560186613828956,8.489998679582905,9.527899491444282,17.690038281031267,30.648856000913554,47.08955389929177,5.555324324065363,41.20882223528713,37.87096330794795,34.34158805848178,31.25032844868177,13.745358331207095,11.108851311765084,10.625391670273022,8.13363711513803,5.292183419296649,4.044946219022134,3.2798759555286514,0.7770112259138532,0.36245565940320773,0.2256422240269477
ngc7793,SN2008bk,140.20278751803758,-0.007571052759885788,nan,nan,nan,-0.007571052759885788,0.10425052046775818,0.08598671108484268,0.07790473848581314,0.17158688604831696,nan,nan,nan,0.17158688604831696,0.022268299013376236,0.01656349003314972,0.014679756946861744,nan,nan,nan,nan,nan,2.3429856300354004,2.625314235687256,3.6813855171203613,-0.04412372608565123,nan,nan,nan,-0.04412372608565123,4.681566400969218,5.191340165191709,5.3069501605384355,13.97365012824495,nan,nan,nan,-0.10579524236912732,1.456760298703892,1.2015482163780733,1.088613558933172,nan,nan,nan,2.397695112234216,0.31116941936406173,0.23145241462590652,0.2051297875431193
