galaxy,SN_name,SN_type,SN_ra,SN_dec,SN_xCoord,SN_yCoord,SN_co21int,SN_co21err,SN_co21ew,map_beamsize,orient_ra,orient_dec,dist,orient_posang,orient_incl,size_r25,telOrient,ImageFile150,ErrFile150,AlphaCOFile,PACovFile,IFRFile,MixedMaps,IFRResizedMaps,MassMaps,NatRes,NatInt,pc60Int,pc90Int,pc120Int,pc150Int,pc500Int,pc750Int,pc1000Int,NatErr,pc60Err,pc90Err,pc120Err,pc150Err,pc500Err,pc750Err,pc1000Err,NatEW,pc60EW,pc90EW,pc120EW,pc150EW,pc500EW,pc750EW,pc1000EW,NatSNR,pc60SNR,pc90SNR,pc120SNR,pc150SNR,pc500SNR,pc750SNR,pc1000SNR,alphaCO,pc60mgsd,pc90mgsd,pc120mgsd,pc150mgsd,pc500mgsd,pc750mgsd,pc1000mgsd,pc60mgsdErr,pc90mgsdErr,pc120mgsdErr,pc150mgsdErr,pc500mgsdErr,pc750mgsdErr,pc1000mgsdErr,SN_percentile
ngc1566,ASASSN-14ha,II,65.0059,-54.9381,258.9038295074317,423.1062029210927,68.05383,1.8849889,12.188041,0.0003484111476313,65.00159,-54.93801,17.69,214.7,29.5,216.83093,12m+7m+tp,/data/tycho/0/leroy.42/reduction/alma/phangs-alma/derived/ngc1566/ngc1566_12m+7m+tp_co21_150pc_broad_mom0.fits,/data/tycho/0/leroy.42/reduction/alma/phangs-alma/derived/ngc1566/ngc1566_12m+7m+tp_co21_150pc_broad_emom0.fits,/data/kant/0/sun.1608/PHANGS/ALMA/alphaCO/v1p0/NGC1566_alphaCO21_scaling.fits,/data/tycho/0/leroy.42/reduction/alma/phangs-alma/derived/ngc1566/ngc1566_12m+7m+tp_co21_150pc_coverage2d.fits,/data/tycho/0/leroy.42/projects/phangs_survey_2019/working_data/irac/ngc1566_irac1_gauss7p5.fits,../Data/MixedMaps/ngc1566_Mixed.fits,../Data/ReprojectedInfraredMaps/ngc1566_reshaped.fits,../Data/MassMaps/ngc1566_Mass.fits,107.5715044627487,67.5704116821289,nan,nan,65.49005889892578,61.47018814086914,27.1928653717041,26.058115005493164,27.509992599487305,1.9442304372787476,nan,nan,1.7264034748077393,1.4010099172592163,0.592937171459198,0.40141287446022034,0.27739909291267395,12.188040733337402,nan,nan,12.932862281799316,13.762829780578613,19.730430603027344,29.85703468322754,43.81895446777344,34.75432252603976,nan,nan,37.93438779206528,43.875626705857115,45.86129303511769,64.91599214532792,99.17116999422753,4.303624864500136,nan,nan,245.30509289005906,230.24792564528673,101.85589199496292,97.60547523445871,103.04375050932748,nan,nan,6.466562587873619,5.247741010946063,2.2209555216196826,1.5035659474471037,1.0390494587824806,0.98
ngc4321,SN1901B,I,185.6971,15.8238,545.5920792633563,276.5735561756638,5.0824146,1.0344207,2.544713,0.000462934650464,185.72887,15.822304,15.21,156.2,38.5,182.86105,12m+7m+tp,/data/tycho/0/leroy.42/reduction/alma/phangs-alma/derived/ngc4321/ngc4321_12m+7m+tp_co21_150pc_broad_mom0.fits,/data/tycho/0/leroy.42/reduction/alma/phangs-alma/derived/ngc4321/ngc4321_12m+7m+tp_co21_150pc_broad_emom0.fits,/data/kant/0/sun.1608/PHANGS/ALMA/alphaCO/v1p0/NGC4321_alphaCO21_scaling.fits,/data/tycho/0/leroy.42/reduction/alma/phangs-alma/derived/ngc4321/ngc4321_12m+7m+tp_co21_150pc_coverage2d.fits,/data/tycho/0/leroy.42/projects/phangs_survey_2019/working_data/irac/ngc4321_irac1_gauss7p5.fits,../Data/MixedMaps/ngc4321_Mixed.fits,../Data/ReprojectedInfraredMaps/ngc4321_reshaped.fits,../Data/MassMaps/ngc4321_Mass.fits,122.89275219530901,6.170846462249756,nan,nan,6.170846462249756,5.9207563400268555,6.212408065795898,6.033936977386475,5.244757175445557,1.2138640880584717,nan,nan,1.2138640880584717,0.9734418988227844,0.27170467376708984,0.1647694706916809,0.10345045477151871,2.744281053543091,nan,nan,2.744281053543091,4.029609203338623,10.151252746582031,13.131563186645508,13.50499439239502,5.08363870630672,nan,nan,5.08363870630672,6.082290424510207,22.864560920734426,36.6204792189766,50.698251515947014,7.5419200434386395,nan,nan,36.42260758229612,34.946483611677635,36.667919467093895,35.61451740018332,30.956487677063475,nan,nan,7.164672724894972,5.745612453961666,1.6037010111067591,0.9725300749676699,0.6106026687592212,0.56
ngc5236,SN1923A,II,204.2883,-29.8389,399.09014170428725,813.7841220160797,3.1662843,0.6370633,6.310522,0.000594044605435,204.2539,-29.865625,4.89,225.0,24.0,408.43347,12m+7m+tp,/data/tycho/0/leroy.42/reduction/alma/phangs-alma/derived/ngc5236/ngc5236_12m+7m+tp_co21_150pc_broad_mom0.fits,/data/tycho/0/leroy.42/reduction/alma/phangs-alma/derived/ngc5236/ngc5236_12m+7m+tp_co21_150pc_broad_emom0.fits,/data/kant/0/sun.1608/PHANGS/ALMA/alphaCO/v1p0/NGC5236_alphaCO21_scaling.fits,/data/tycho/0/leroy.42/reduction/alma/phangs-alma/derived/ngc5236/ngc5236_12m+7m+tp_co21_150pc_coverage2d.fits,/data/tycho/0/leroy.42/projects/phangs_survey_2019/working_data/irac/ngc5236_irac1_gauss7p5.fits,../Data/MixedMaps/ngc5236_Mixed.fits,../Data/ReprojectedInfraredMaps/ngc5236_reshaped.fits,../Data/MassMaps/ngc5236_Mass.fits,50.69968757298903,3.2454817295074463,3.041576385498047,2.633491039276123,2.526012659072876,2.545790910720825,4.164422988891602,4.582225322723389,5.0682878494262695,0.6980839371681213,0.6445639133453369,0.5080330967903137,0.40101930499076843,0.3165229260921478,0.040937453508377075,0.02114437334239483,0.018885672092437744,6.310522079467773,5.9792962074279785,5.600820541381836,6.416561603546143,7.461651802062988,6.986499786376953,7.857295036315918,8.778962135314941,4.649128216118556,4.718812708133207,5.183699754827339,6.298980192813973,8.042990573073627,101.72647861546716,216.71133253856945,268.36682457574426,5.9682341177841,16.58344448491217,14.358459862975975,13.772460523973027,13.880296559186945,22.70548843594717,24.98345253436703,27.633588485647262,3.5143256388051674,2.7699250616520774,2.186458776245237,1.7257631266727438,0.22320136059929316,0.11528447655094626,0.10296946550428744,0.37
ngc4303,SN1926A,II,185.4754,4.4934,248.12510207394456,387.43756648042245,-0.81909573,0.8172306,nan,0.000503635821363,185.47888,4.473744,16.99,312.4,23.5,206.59573,12m+7m+tp,/data/tycho/0/leroy.42/reduction/alma/phangs-alma/derived/ngc4303/ngc4303_12m+7m+tp_co21_150pc_broad_mom0.fits,/data/tycho/0/leroy.42/reduction/alma/phangs-alma/derived/ngc4303/ngc4303_12m+7m+tp_co21_150pc_broad_emom0.fits,/data/kant/0/sun.1608/PHANGS/ALMA/alphaCO/v1p0/NGC4303_alphaCO21_scaling.fits,/data/tycho/0/leroy.42/reduction/alma/phangs-alma/derived/ngc4303/ngc4303_12m+7m+tp_co21_150pc_coverage2d.fits,/data/tycho/0/leroy.42/projects/phangs_survey_2019/working_data/irac/ngc4303_irac1_gauss7p5.fits,../Data/MixedMaps/ngc4303_Mixed.fits,../Data/ReprojectedInfraredMaps/ngc4303_reshaped.fits,../Data/MassMaps/ngc4303_Mass.fits,149.34385530047734,-0.9256303906440735,nan,nan,nan,-0.9256303906440735,-0.017320869490504265,0.37765076756477356,0.6259422898292542,0.9652729630470276,nan,nan,nan,0.9652729630470276,0.3479021191596985,0.21922288835048676,0.11918622255325317,nan,nan,nan,nan,nan,nan,nan,1.8840171098709106,-0.9589312309361526,nan,nan,nan,-0.9589312309361526,-0.04978661679997821,1.722679462926322,5.2518007234399855,6.0348029024172725,nan,nan,nan,-5.122694795011615,-0.09585848615270914,2.090023880903562,3.464137891858555,nan,nan,nan,5.342087763697721,1.9253866262459334,1.213240144718061,0.6596095461880945,non-detection
ngc1511,SN1935C,unclassified,59.9373,-67.6374,112.46713980638378,194.45954575675466,2.5883038,0.76610756,nan,0.0004017774799122,59.90246,-67.63393,15.28,297.0,72.7,110.94844,12m+7m+tp,/data/tycho/0/leroy.42/reduction/alma/phangs-alma/derived/ngc1511/ngc1511_12m+7m+tp_co21_150pc_broad_mom0.fits,/data/tycho/0/leroy.42/reduction/alma/phangs-alma/derived/ngc1511/ngc1511_12m+7m+tp_co21_150pc_broad_emom0.fits,/data/kant/0/sun.1608/PHANGS/ALMA/alphaCO/v1p0/NGC1511_alphaCO21_scaling.fits,/data/tycho/0/leroy.42/reduction/alma/phangs-alma/derived/ngc1511/ngc1511_12m+7m+tp_co21_150pc_coverage2d.fits,/data/tycho/0/leroy.42/projects/phangs_survey_2019/working_data/irac/ngc1511_irac1_gauss7p5.fits,../Data/MixedMaps/ngc1511_Mixed.fits,../Data/ReprojectedInfraredMaps/ngc1511_reshaped.fits,../Data/MassMaps/ngc1511_Mass.fits,107.1485534400328,2.4725115299224854,nan,nan,2.206209659576416,1.6127102375030518,0.9019374251365662,1.5616151094436646,2.019327402114868,0.8322710990905762,nan,nan,0.7069286704063416,0.5607772469520569,0.178204745054245,0.11592230945825577,0.08798500895500183,nan,nan,nan,nan,nan,4.277022838592529,15.667864799499512,18.242801666259766,2.9708006593334817,nan,nan,3.120837719466506,2.875848202238007,5.061242476242813,13.471221516734968,22.950812031486098,8.97558622877149,nan,nan,5.888624702242707,4.304507189921149,2.4073736503157597,4.168128477250419,5.389814685287999,nan,nan,1.8868730871560162,1.496778302335759,0.47564874862562617,0.3094098387494003,0.23484200375541137,non-detection
ngc0253,SN1940E,I,11.8783,-25.2934,296.9010534051223,236.26662905273994,219.30367,1.465811,45.862267,0.00232543637022,11.887966,-25.288443,3.7,52.48,75.0,803.7504,7m+tp,/data/tycho/0/leroy.42/reduction/alma/phangs-alma/derived/ngc0253/ngc0253_7m+tp_co21_150pc_broad_mom0.fits,/data/tycho/0/leroy.42/reduction/alma/phangs-alma/derived/ngc0253/ngc0253_7m+tp_co21_150pc_broad_emom0.fits,/data/kant/0/sun.1608/PHANGS/ALMA/alphaCO/v1p0/NGC0253_alphaCO21_scaling.fits,/data/tycho/0/leroy.42/reduction/alma/phangs-alma/derived/ngc0253/ngc0253_7m+tp_co21_150pc_coverage2d.fits,/data/tycho/0/leroy.42/projects/phangs_survey_2019/working_data/irac/ngc0253_irac1_gauss7p5.fits,../Data/MixedMaps/ngc0253_Mixed.fits,../Data/ReprojectedInfraredMaps/ngc0253_reshaped.fits,../Data/MassMaps/ngc0253_Mass.fits,150.1701284517627,219.3036651611328,nan,nan,nan,219.3036651611328,153.83908081054688,153.87240600585938,142.72422790527344,1.465811014175415,nan,nan,nan,1.465811014175415,0.18237826228141785,0.11332354694604874,0.09203742444515228,45.862266540527344,nan,nan,nan,45.862266540527344,60.678550720214844,65.11054229736328,69.24812316894531,149.61251009871899,nan,nan,nan,149.61251009871899,843.5165402177496,1357.8149480188367,1550.7194900953239,4.479999295527333,nan,nan,nan,254.2846041302592,178.3778202472373,178.41646111578535,165.49004671683653,nan,nan,nan,1.6996212680508755,0.21146926200307817,0.13139968843037825,0.10671823484121151,0.99
ngc5236,SN1950B,unclassified,204.2203,-29.8655,823.9876389446778,622.0369070359835,59.00484,0.7553258,5.7882247,0.000594044605435,204.2539,-29.865625,4.89,225.0,24.0,408.43347,12m+7m+tp,/data/tycho/0/leroy.42/reduction/alma/phangs-alma/derived/ngc5236/ngc5236_12m+7m+tp_co21_150pc_broad_mom0.fits,/data/tycho/0/leroy.42/reduction/alma/phangs-alma/derived/ngc5236/ngc5236_12m+7m+tp_co21_150pc_broad_emom0.fits,/data/kant/0/sun.1608/PHANGS/ALMA/alphaCO/v1p0/NGC5236_alphaCO21_scaling.fits,/data/tycho/0/leroy.42/reduction/alma/phangs-alma/derived/ngc5236/ngc5236_12m+7m+tp_co21_150pc_coverage2d.fits,/data/tycho/0/leroy.42/projects/phangs_survey_2019/working_data/irac/ngc5236_irac1_gauss7p5.fits,../Data/MixedMaps/ngc5236_Mixed.fits,../Data/ReprojectedInfraredMaps/ngc5236_reshaped.fits,../Data/MassMaps/ngc5236_Mass.fits,50.69968757298903,59.583003997802734,62.433616638183594,67.23001861572266,65.45752716064453,60.68531036376953,25.781206130981445,19.218088150024414,15.967820167541504,0.8506538271903992,0.7330889701843262,0.5201269388198853,0.4038389325141907,0.32495999336242676,0.06123722717165947,0.041298795491456985,0.033832672983407974,5.788224697113037,6.1064043045043945,6.681667804718018,7.089045524597168,7.4819512367248535,10.048575401306152,11.714366912841797,13.406866073608398,70.0437734990246,85.16512889627221,129.25694402266623,162.08820371310878,186.74701995112184,421.0054458983238,465.34258254577526,471.9644875642061,5.517020417270828,314.6684834774694,338.8425841893846,329.90914050665714,305.856934288958,129.93854068185516,96.86010484624146,80.47859514017443,3.694804288510187,2.621465227662862,2.0353679845239467,1.637814270712386,0.3086386220125912,0.20814795051925733,0.17051832767232541,0.99
ngc5236,SN1957D,unclassified,204.2647,-29.828,546.7621815937086,892.0135629822324,41.320827,0.6190958,5.3402543,0.000594044605435,204.2539,-29.865625,4.89,225.0,24.0,408.43347,12m+7m+tp,/data/tycho/0/leroy.42/reduction/alma/phangs-alma/derived/ngc5236/ngc5236_12m+7m+tp_co21_150pc_broad_mom0.fits,/data/tycho/0/leroy.42/reduction/alma/phangs-alma/derived/ngc5236/ngc5236_12m+7m+tp_co21_150pc_broad_emom0.fits,/data/kant/0/sun.1608/PHANGS/ALMA/alphaCO/v1p0/NGC5236_alphaCO21_scaling.fits,/data/tycho/0/leroy.42/reduction/alma/phangs-alma/derived/ngc5236/ngc5236_12m+7m+tp_co21_150pc_coverage2d.fits,/data/tycho/0/leroy.42/projects/phangs_survey_2019/working_data/irac/ngc5236_irac1_gauss7p5.fits,../Data/MixedMaps/ngc5236_Mixed.fits,../Data/ReprojectedInfraredMaps/ngc5236_reshaped.fits,../Data/MassMaps/ngc5236_Mass.fits,50.69968757298903,41.36034393310547,38.501529693603516,31.9804630279541,27.75986671447754,24.643875122070312,11.990213394165039,9.148086547851562,7.823264122009277,0.666938841342926,0.5762447714805603,0.41536277532577515,0.3214409649372101,0.26038581132888794,0.04305550456047058,0.023344073444604874,0.02128056064248085,5.340254306793213,5.422938346862793,5.8041486740112305,6.14930534362793,6.498789310455322,9.267144203186035,9.767258644104004,10.247411727905273,62.01519745022444,66.81454062425688,76.99405177286614,86.36069991856863,94.64369427926755,278.4827054418798,391.88047319846856,367.62490676078613,5.94981812672768,209.2723434951282,173.82754652034367,150.88679355553668,133.95004148247523,65.17195747732757,49.7237778758492,42.522799214033164,3.1321377284026752,2.2576750088842976,1.7471696465847442,1.4153086743130021,0.2340251520248505,0.1268850613300819,0.11566898333605778,0.96
ngc4321,SN1959E,I,185.7454,15.817,126.93916867260555,215.7177371879258,18.02512,1.2416003,7.186052,0.000462934650464,185.72887,15.822304,15.21,156.2,38.5,182.86105,12m+7m+tp,/data/tycho/0/leroy.42/reduction/alma/phangs-alma/derived/ngc4321/ngc4321_12m+7m+tp_co21_150pc_broad_mom0.fits,/data/tycho/0/leroy.42/reduction/alma/phangs-alma/derived/ngc4321/ngc4321_12m+7m+tp_co21_150pc_broad_emom0.fits,/data/kant/0/sun.1608/PHANGS/ALMA/alphaCO/v1p0/NGC4321_alphaCO21_scaling.fits,/data/tycho/0/leroy.42/reduction/alma/phangs-alma/derived/ngc4321/ngc4321_12m+7m+tp_co21_150pc_coverage2d.fits,/data/tycho/0/leroy.42/projects/phangs_survey_2019/working_data/irac/ngc4321_irac1_gauss7p5.fits,../Data/MixedMaps/ngc4321_Mixed.fits,../Data/ReprojectedInfraredMaps/ngc4321_reshaped.fits,../Data/MassMaps/ngc4321_Mass.fits,122.89275219530901,17.931827545166016,nan,nan,17.931827545166016,17.329782485961914,13.814295768737793,12.935508728027344,11.65188980102539,1.3531885147094727,nan,nan,1.3531885147094727,1.0754051208496094,0.2787444591522217,0.1457546502351761,0.08170046657323837,7.186051845550537,nan,nan,7.186051845550537,7.293866157531738,10.673908233642578,12.660531044006348,14.531937599182129,13.25153690726968,nan,nan,13.25153690726968,16.114654979763117,49.558996834422594,88.74851476200462,142.61717576092838,5.666640005087388,nan,nan,79.523328032208,76.85340347417463,61.26306820563992,57.36585974025351,51.67331954917606,nan,nan,6.001064524718048,4.76916220488044,1.2361644124944824,0.6463867017278043,0.36232185410680784,0.91
ngc4496a,SN1960F,Ia,187.9252,3.9466,66.42165125156563,353.7510142763567,0.02642009,0.8255818,nan,0.0003482539090036,187.91354,3.939608,14.86,51.1,53.8,101.18619,12m+7m+tp,/data/tycho/0/leroy.42/reduction/alma/phangs-alma/derived/ngc4496a/ngc4496a_12m+7m+tp_co21_150pc_broad_mom0.fits,/data/tycho/0/leroy.42/reduction/alma/phangs-alma/derived/ngc4496a/ngc4496a_12m+7m+tp_co21_150pc_broad_emom0.fits,/data/kant/0/sun.1608/PHANGS/ALMA/alphaCO/v1p0/NGC4496A_alphaCO21_scaling.fits,/data/tycho/0/leroy.42/reduction/alma/phangs-alma/derived/ngc4496a/ngc4496a_12m+7m+tp_co21_150pc_coverage2d.fits,/data/tycho/0/leroy.42/projects/phangs_survey_2019/working_data/irac/ngc4496a_irac1_gauss7p5.fits,../Data/MixedMaps/ngc4496a_Mixed.fits,../Data/ReprojectedInfraredMaps/ngc4496a_reshaped.fits,../Data/MassMaps/ngc4496a_Mass.fits,90.32171534735664,-0.3033433258533478,nan,-0.3033433258533478,-0.06782698631286621,-0.042533956468105316,2.156248092651367,1.8859795331954956,1.4939630031585693,0.8615610003471375,nan,0.8615610003471375,0.675987720489502,0.5871729254722595,0.22897031903266907,0.14924068748950958,0.10139285027980804,nan,nan,nan,nan,nan,6.038199424743652,6.539390563964844,7.151946067810059,-0.35208572083825246,nan,-0.35208572083825246,-0.10033760119747553,-0.07243855195451242,9.417151103954733,12.63716728273625,14.734401873857626,8.536847498143494,nan,-1.5294299045816027,-0.3419775955601423,-0.2144524024040742,10.871609933466571,9.508940041398995,7.532427776155861,nan,4.343913467834782,3.4082695966300056,2.960473347655251,1.1544478593850998,0.7524581916699993,0.5112136780740452,non-detection
ngc4303,SN1961I,II,185.5018,4.4704,10.519872860778008,180.66992451107234,1.7587852,1.9515179,nan,0.000503635821363,185.47888,4.473744,16.99,312.4,23.5,206.59573,12m+7m+tp,/data/tycho/0/leroy.42/reduction/alma/phangs-alma/derived/ngc4303/ngc4303_12m+7m+tp_co21_150pc_broad_mom0.fits,/data/tycho/0/leroy.42/reduction/alma/phangs-alma/derived/ngc4303/ngc4303_12m+7m+tp_co21_150pc_broad_emom0.fits,/data/kant/0/sun.1608/PHANGS/ALMA/alphaCO/v1p0/NGC4303_alphaCO21_scaling.fits,/data/tycho/0/leroy.42/reduction/alma/phangs-alma/derived/ngc4303/ngc4303_12m+7m+tp_co21_150pc_coverage2d.fits,/data/tycho/0/leroy.42/projects/phangs_survey_2019/working_data/irac/ngc4303_irac1_gauss7p5.fits,../Data/MixedMaps/ngc4303_Mixed.fits,../Data/ReprojectedInfraredMaps/ngc4303_reshaped.fits,../Data/MassMaps/ngc4303_Mass.fits,149.34385530047734,1.7587852478027344,nan,nan,nan,1.7587852478027344,1.9040347337722778,1.7921884059906006,1.7532508373260498,1.951517939567566,nan,nan,nan,1.951517939567566,0.44509726762771606,0.2075202912092209,0.11327396333217621,nan,nan,nan,nan,nan,nan,3.640650749206543,7.9985880851745605,0.9012396002839006,nan,nan,nan,0.9012396002839006,4.277794702988004,8.636208033188067,15.477968508832316,6.37476484661066,nan,nan,nan,10.281932998221087,11.131067640799351,10.477209274756664,10.249578600333672,nan,nan,nan,11.408656471577771,2.6020574650355224,1.2131724055851614,0.6622043838947517,non-detection
ngc4303,SN1964F,II,185.4698,4.4738,297.942418412107,211.18798785622457,2.9759102,0.99257433,2.2395327,0.000503635821363,185.47888,4.473744,16.99,312.4,23.5,206.59573,12m+7m+tp,/data/tycho/0/leroy.42/reduction/alma/phangs-alma/derived/ngc4303/ngc4303_12m+7m+tp_co21_150pc_broad_mom0.fits,/data/tycho/0/leroy.42/reduction/alma/phangs-alma/derived/ngc4303/ngc4303_12m+7m+tp_co21_150pc_broad_emom0.fits,/data/kant/0/sun.1608/PHANGS/ALMA/alphaCO/v1p0/NGC4303_alphaCO21_scaling.fits,/data/tycho/0/leroy.42/reduction/alma/phangs-alma/derived/ngc4303/ngc4303_12m+7m+tp_co21_150pc_coverage2d.fits,/data/tycho/0/leroy.42/projects/phangs_survey_2019/working_data/irac/ngc4303_irac1_gauss7p5.fits,../Data/MixedMaps/ngc4303_Mixed.fits,../Data/ReprojectedInfraredMaps/ngc4303_reshaped.fits,../Data/MassMaps/ngc4303_Mass.fits,149.34385530047734,2.017420768737793,nan,nan,nan,2.017420768737793,6.010025501251221,4.772434711456299,4.047948837280273,1.1028443574905396,nan,nan,nan,1.1028443574905396,0.30361679196357727,0.17580381035804749,0.10539326816797256,2.239532709121704,nan,nan,nan,2.239532709121704,6.139101982116699,6.753955841064453,8.646897315979004,1.8292887432713723,nan,nan,nan,1.8292887432713723,19.794773083473594,27.146366746753728,38.408039788924434,4.920706819090329,nan,nan,nan,9.103780201204478,27.120743483401768,21.536011381938813,18.266708190665256,nan,nan,nan,4.976677539120431,1.370096205146425,0.7933294198389983,0.4755959505106727,non-detection
ngc4254,SN1967H,II,184.7184,14.414,158.450493073382,175.1800627591864,13.982137,0.832084,5.9410896,0.000494815869629,184.7068,14.416412,13.1,68.1,34.4,151.0502,12m+7m+tp,/data/tycho/0/leroy.42/reduction/alma/phangs-alma/derived/ngc4254/ngc4254_12m+7m+tp_co21_150pc_broad_mom0.fits,/data/tycho/0/leroy.42/reduction/alma/phangs-alma/derived/ngc4254/ngc4254_12m+7m+tp_co21_150pc_broad_emom0.fits,/data/kant/0/sun.1608/PHANGS/ALMA/alphaCO/v1p0/NGC4254_alphaCO21_scaling.fits,/data/tycho/0/leroy.42/reduction/alma/phangs-alma/derived/ngc4254/ngc4254_12m+7m+tp_co21_150pc_coverage2d.fits,/data/tycho/0/leroy.42/projects/phangs_survey_2019/working_data/irac/ngc4254_irac1_gauss7p5.fits,../Data/MixedMaps/ngc4254_Mixed.fits,../Data/ReprojectedInfraredMaps/ngc4254_reshaped.fits,../Data/MassMaps/ngc4254_Mass.fits,113.13377612114876,13.50447940826416,nan,nan,13.50447940826416,13.967912673950195,12.66471004486084,13.596553802490234,13.744880676269531,0.9895024299621582,nan,nan,0.9895024299621582,0.6991239786148071,0.19791929423809052,0.10547419637441635,0.06778743863105774,5.941089630126953,nan,nan,5.941089630126953,5.704648971557617,8.545672416687012,10.45429801940918,12.269801139831543,13.64774759449617,nan,nan,13.64774759449617,19.9791640699053,63.989264379781,128.90881627791376,202.76441998462127,6.084862340678348,nan,nan,67.80196748246173,70.12872783066938,63.58573571603052,68.2642455825315,69.00895062215004,nan,nan,4.967996881024143,3.510093194354641,0.9936938068024114,0.5295545142184923,0.3403405322658879,0.81
ngc5236,SN1968L,II,204.252,-29.8665,625.9979098150186,615.2835430994201,157.89561,1.1755879,14.017309,0.000594044605435,204.2539,-29.865625,4.89,225.0,24.0,408.43347,12m+7m+tp,/data/tycho/0/leroy.42/reduction/alma/phangs-alma/derived/ngc5236/ngc5236_12m+7m+tp_co21_150pc_broad_mom0.fits,/data/tycho/0/leroy.42/reduction/alma/phangs-alma/derived/ngc5236/ngc5236_12m+7m+tp_co21_150pc_broad_emom0.fits,/data/kant/0/sun.1608/PHANGS/ALMA/alphaCO/v1p0/NGC5236_alphaCO21_scaling.fits,/data/tycho/0/leroy.42/reduction/alma/phangs-alma/derived/ngc5236/ngc5236_12m+7m+tp_co21_150pc_coverage2d.fits,/data/tycho/0/leroy.42/projects/phangs_survey_2019/working_data/irac/ngc5236_irac1_gauss7p5.fits,../Data/MixedMaps/ngc5236_Mixed.fits,../Data/ReprojectedInfraredMaps/ngc5236_reshaped.fits,../Data/MassMaps/ngc5236_Mass.fits,50.69968757298903,157.89561462402344,164.29913330078125,181.96917724609375,202.79049682617188,222.9096221923828,205.35548400878906,137.11279296875,95.94841766357422,1.1755878925323486,0.9599323868751526,0.6156549453735352,0.4450325667858124,0.3551063537597656,0.07494845986366272,0.05347259342670441,0.050196584314107895,14.017309188842773,15.185856819152832,20.49120330810547,25.899349212646484,30.699535369873047,45.719520568847656,42.519447326660156,40.938941955566406,134.3120455960962,171.15698516602893,295.570073161173,455.67563356272746,627.7263693884347,2739.9560228768837,2564.1694965981465,1911.4531192634881,4.356201929972925,653.842939094393,724.1624425209839,807.0227261789573,887.0885658286992,817.2303196368706,545.6524921407009,381.83521815516133,3.820135873859544,2.450053331773212,1.7710464785426452,1.4131771566215217,0.298264027894433,0.21279891710146762,0.19976174895792798,1.0
ngc4254,SN1972Q,II,184.7107,14.4443,212.1103782901225,393.17823595201406,2.592284,0.633742,1.7487494,0.000494815869629,184.7068,14.416412,13.1,68.1,34.4,151.0502,12m+7m+tp,/data/tycho/0/leroy.42/reduction/alma/phangs-alma/derived/ngc4254/ngc4254_12m+7m+tp_co21_150pc_broad_mom0.fits,/data/tycho/0/leroy.42/reduction/alma/phangs-alma/derived/ngc4254/ngc4254_12m+7m+tp_co21_150pc_broad_emom0.fits,/data/kant/0/sun.1608/PHANGS/ALMA/alphaCO/v1p0/NGC4254_alphaCO21_scaling.fits,/data/tycho/0/leroy.42/reduction/alma/phangs-alma/derived/ngc4254/ngc4254_12m+7m+tp_co21_150pc_coverage2d.fits,/data/tycho/0/leroy.42/projects/phangs_survey_2019/working_data/irac/ngc4254_irac1_gauss7p5.fits,../Data/MixedMaps/ngc4254_Mixed.fits,../Data/ReprojectedInfraredMaps/ngc4254_reshaped.fits,../Data/MassMaps/ngc4254_Mass.fits,113.13377612114876,2.6713454723358154,nan,nan,2.6713454723358154,2.103114366531372,1.35248863697052,1.3330671787261963,1.3318581581115723,0.7750155925750732,nan,nan,0.7750155925750732,0.5420306324958801,0.15149438381195068,0.08889375627040863,0.06402065604925156,1.7487493753433228,nan,nan,1.7487493753433228,2.9733145236968994,6.8195881843566895,7.095390319824219,8.066129684448242,3.4468280353689154,nan,nan,3.4468280353689154,3.8800655174177034,8.927648688609858,14.996184598962143,20.803569352475304,11.26610251920252,nan,nan,24.832328668003914,19.550158419024072,12.572481807688312,12.391943558581483,12.380704728718538,nan,nan,7.204400223391504,5.038615541738396,1.408263502094189,0.826339758410223,0.5951240635177552,0.1
ngc3627,SN1973R,II,170.0481,12.9977,338.11789529651713,488.6861242824415,10.426507,1.2085319,8.859421,0.0004517319625788,170.06252,12.9915,11.32,173.1,57.3,308.40494,12m+7m+tp,/data/tycho/0/leroy.42/reduction/alma/phangs-alma/derived/ngc3627/ngc3627_12m+7m+tp_co21_150pc_broad_mom0.fits,/data/tycho/0/leroy.42/reduction/alma/phangs-alma/derived/ngc3627/ngc3627_12m+7m+tp_co21_150pc_broad_emom0.fits,/data/kant/0/sun.1608/PHANGS/ALMA/alphaCO/v1p0/NGC3627_alphaCO21_scaling.fits,/data/tycho/0/leroy.42/reduction/alma/phangs-alma/derived/ngc3627/ngc3627_12m+7m+tp_co21_150pc_coverage2d.fits,/data/tycho/0/leroy.42/projects/phangs_survey_2019/working_data/irac/ngc3627_irac1_gauss7p5.fits,../Data/MixedMaps/ngc3627_Mixed.fits,../Data/ReprojectedInfraredMaps/ngc3627_reshaped.fits,../Data/MassMaps/ngc3627_Mass.fits,89.24925814494215,10.597807884216309,nan,10.597807884216309,11.408000946044922,11.597638130187988,12.283456802368164,14.087485313415527,14.182056427001953,1.4858373403549194,nan,1.4858373403549194,1.0065913200378418,0.7775864601135254,0.18702666461467743,0.10418105870485306,0.06427794694900513,8.912955284118652,nan,8.912955284118652,10.34438705444336,10.452491760253906,14.820991516113281,17.878705978393555,20.47446060180664,7.132549166980033,nan,7.132549166980033,11.333299541680978,14.914917793829341,65.67756970737416,135.22117636878355,220.63642509075905,5.771662834988039,nan,33.04486558112803,35.571116397842935,36.162421253305,38.30086215380237,43.925976356982794,44.22085712576663,nan,4.632967093182961,3.1386372756690557,2.4245806616692356,0.5831650337314783,0.32484539431298215,0.20042410090526225,0.68
ngc4321,SN1979C,II,185.7442,15.7978,137.4013906720773,42.69608917129949,1.4573174,0.79451734,nan,0.000462934650464,185.72887,15.822304,15.21,156.2,38.5,182.86105,12m+7m+tp,/data/tycho/0/leroy.42/reduction/alma/phangs-alma/derived/ngc4321/ngc4321_12m+7m+tp_co21_150pc_broad_mom0.fits,/data/tycho/0/leroy.42/reduction/alma/phangs-alma/derived/ngc4321/ngc4321_12m+7m+tp_co21_150pc_broad_emom0.fits,/data/kant/0/sun.1608/PHANGS/ALMA/alphaCO/v1p0/NGC4321_alphaCO21_scaling.fits,/data/tycho/0/leroy.42/reduction/alma/phangs-alma/derived/ngc4321/ngc4321_12m+7m+tp_co21_150pc_coverage2d.fits,/data/tycho/0/leroy.42/projects/phangs_survey_2019/working_data/irac/ngc4321_irac1_gauss7p5.fits,../Data/MixedMaps/ngc4321_Mixed.fits,../Data/ReprojectedInfraredMaps/ngc4321_reshaped.fits,../Data/MassMaps/ngc4321_Mass.fits,122.89275219530901,1.2450019121170044,nan,nan,1.2450019121170044,1.1129741668701172,1.823836088180542,1.7618968486785889,1.8028435707092285,0.9978695511817932,nan,nan,0.9978695511817932,0.8127042651176453,0.2506979703903198,0.13060377538204193,0.06793591380119324,nan,nan,nan,nan,nan,5.667973518371582,6.304020881652832,7.43648099899292,1.2476599878636725,nan,nan,1.2476599878636725,1.369470070037107,7.275033321334641,13.490397528897548,26.537415482259444,6.534167833837734,nan,nan,6.366557619009505,5.691408256392927,9.326537919356284,9.009799661102303,9.219188628766101,nan,nan,5.102798583699678,4.155920148177254,1.281992467581617,0.6678676178224228,0.3474034099111585,non-detection
ngc4536,SN1981B,Ia,188.6231,2.1998,356.9734161220465,540.0478012960401,0.042755257,0.33802134,nan,0.0004100974881516,188.61278,2.188243,16.25,305.6,66.0,212.38373,12m+7m+tp,/data/tycho/0/leroy.42/reduction/alma/phangs-alma/derived/ngc4536/ngc4536_12m+7m+tp_co21_150pc_broad_mom0.fits,/data/tycho/0/leroy.42/reduction/alma/phangs-alma/derived/ngc4536/ngc4536_12m+7m+tp_co21_150pc_broad_emom0.fits,/data/kant/0/sun.1608/PHANGS/ALMA/alphaCO/v1p0/NGC4536_alphaCO21_scaling.fits,/data/tycho/0/leroy.42/reduction/alma/phangs-alma/derived/ngc4536/ngc4536_12m+7m+tp_co21_150pc_coverage2d.fits,/data/tycho/0/leroy.42/projects/phangs_survey_2019/working_data/irac/ngc4536_irac1_gauss7p5.fits,../Data/MixedMaps/ngc4536_Mixed.fits,../Data/ReprojectedInfraredMaps/ngc4536_reshaped.fits,../Data/MassMaps/ngc4536_Mass.fits,116.31021061381435,-0.32668718695640564,nan,nan,-0.32668718695640564,-0.01144673302769661,0.35695502161979675,0.32592183351516724,0.2780652642250061,0.4232988953590393,nan,nan,0.4232988953590393,0.3203408420085907,0.10755953192710876,0.06112402677536011,0.03791852667927742,nan,nan,nan,nan,nan,nan,1.6934887170791626,5.414748668670654,-0.7717647991481569,nan,nan,-0.7717647991481569,-0.03573298039651665,3.3186739959197573,5.332139433695664,7.333229652537359,10.31176566072242,nan,nan,-1.370182562326135,-0.048009578019493876,1.4971310956969381,1.3669725376264485,1.16625380927644,nan,nan,1.7753887762677019,1.3435648940208182,0.45112327921863693,0.2563647396367898,0.1590368588651668,non-detection
ngc5236,SN1983N,Ib,204.2135,-29.9006,866.565592737917,369.37333275036656,2.8444028,0.6853391,nan,0.000594044605435,204.2539,-29.865625,4.89,225.0,24.0,408.43347,12m+7m+tp,/data/tycho/0/leroy.42/reduction/alma/phangs-alma/derived/ngc5236/ngc5236_12m+7m+tp_co21_150pc_broad_mom0.fits,/data/tycho/0/leroy.42/reduction/alma/phangs-alma/derived/ngc5236/ngc5236_12m+7m+tp_co21_150pc_broad_emom0.fits,/data/kant/0/sun.1608/PHANGS/ALMA/alphaCO/v1p0/NGC5236_alphaCO21_scaling.fits,/data/tycho/0/leroy.42/reduction/alma/phangs-alma/derived/ngc5236/ngc5236_12m+7m+tp_co21_150pc_coverage2d.fits,/data/tycho/0/leroy.42/projects/phangs_survey_2019/working_data/irac/ngc5236_irac1_gauss7p5.fits,../Data/MixedMaps/ngc5236_Mixed.fits,../Data/ReprojectedInfraredMaps/ngc5236_reshaped.fits,../Data/MassMaps/ngc5236_Mass.fits,50.69968757298903,2.5388102531433105,2.352609872817993,2.0747275352478027,1.7841945886611938,1.5547443628311157,1.9858909845352173,2.08491587638855,2.2154974937438965,0.743571937084198,0.66567063331604,0.5150554776191711,0.4037889242172241,0.31346723437309265,0.05788576975464821,0.02923988737165928,0.020604467019438744,nan,nan,3.8591697216033936,3.6428279876708984,3.5471982955932617,8.638157844543457,10.044561386108398,11.30960464477539,3.41434382677063,3.5341950734681817,4.028163227849105,4.41863181888902,4.959830541589043,34.307067055556445,71.30382719631649,107.52510567993549,6.448827085395301,13.859922758912345,12.222835463101779,10.51121967625384,9.159460320075235,11.699472985850164,12.282858003550894,13.052153053779977,3.9216631993409763,3.034344630971754,2.3788403530975075,1.8467284805945614,0.3410222438107047,0.17226085171744354,0.12138702837113832,0.2
ngc1365,SN1983V,Ic,53.3819,-36.1486,571.5153905023813,127.96380165601636,5.781725,1.1458964,3.55028,0.0003829740084505,53.40152,-36.140404,19.57,201.1,55.4,360.67926,12m+7m+tp,/data/tycho/0/leroy.42/reduction/alma/phangs-alma/derived/ngc1365/ngc1365_12m+7m+tp_co21_150pc_broad_mom0.fits,/data/tycho/0/leroy.42/reduction/alma/phangs-alma/derived/ngc1365/ngc1365_12m+7m+tp_co21_150pc_broad_emom0.fits,/data/kant/0/sun.1608/PHANGS/ALMA/alphaCO/v1p0/NGC1365_alphaCO21_scaling.fits,/data/tycho/0/leroy.42/reduction/alma/phangs-alma/derived/ngc1365/ngc1365_12m+7m+tp_co21_150pc_coverage2d.fits,/data/tycho/0/leroy.42/projects/phangs_survey_2019/working_data/irac/ngc1365_irac1_gauss7p5.fits,../Data/MixedMaps/ngc1365_Mixed.fits,../Data/ReprojectedInfraredMaps/ngc1365_reshaped.fits,../Data/MassMaps/ngc1365_Mass.fits,130.80896025947337,5.4635701179504395,nan,nan,5.4635701179504395,5.265270233154297,4.432641506195068,3.433601140975952,2.623316764831543,1.1439259052276611,nan,nan,1.1439259052276611,0.9760870933532715,0.31946268677711487,0.2068311721086502,0.15018470585346222,2.933166742324829,nan,nan,2.933166742324829,3.6586058139801025,6.8307576179504395,7.752464294433594,7.045748710632324,4.776157348113464,nan,nan,4.776157348113464,5.394262734348704,13.875302780783494,16.600984783726176,17.4672697191361,5.226342740029572,nan,nan,16.214488551374817,15.625984854643244,13.154954252057927,10.190056169943917,7.785337925881182,nan,nan,3.3948815689205434,2.896778600556968,0.9480841218309694,0.6138223908218478,0.44571006522857026,0.24
ngc1559,SN1984J,II,64.3981,-62.7855,401.8666980189084,333.24994708294645,14.340408,1.563591,4.6562567,0.0003463939709418,64.40238,-62.78341,19.44,244.5,65.4,125.63808,12m+7m+tp,/data/tycho/0/leroy.42/reduction/alma/phangs-alma/derived/ngc1559/ngc1559_12m+7m+tp_co21_150pc_broad_mom0.fits,/data/tycho/0/leroy.42/reduction/alma/phangs-alma/derived/ngc1559/ngc1559_12m+7m+tp_co21_150pc_broad_emom0.fits,/data/kant/0/sun.1608/PHANGS/ALMA/alphaCO/v1p0/NGC1559_alphaCO21_scaling.fits,/data/tycho/0/leroy.42/reduction/alma/phangs-alma/derived/ngc1559/ngc1559_12m+7m+tp_co21_150pc_coverage2d.fits,/data/tycho/0/leroy.42/projects/phangs_survey_2019/working_data/irac/ngc1559_irac1_gauss7p5.fits,../Data/MixedMaps/ngc1559_Mixed.fits,../Data/ReprojectedInfraredMaps/ngc1559_reshaped.fits,../Data/MassMaps/ngc1559_Mass.fits,117.52870547054496,14.25993824005127,nan,nan,14.25993824005127,13.627583503723145,8.706926345825195,8.799210548400879,9.280631065368652,1.6071393489837646,nan,nan,1.6071393489837646,1.2088830471038818,0.47325268387794495,0.31196051836013794,0.20513038337230682,4.656256675720215,nan,nan,4.656256675720215,5.349282741546631,9.73187255859375,12.441865921020508,15.481377601623535,8.87286982866059,nan,nan,8.87286982866059,11.27287171109787,18.398049588390226,28.206167224798516,45.24259601525984,4.970982697000855,nan,nan,29.508441214510775,28.199893992949395,18.017457012067265,18.208422984071557,19.204638310201318,nan,nan,3.325693015262598,2.501571446536314,0.979313428062335,0.6455475796818979,0.4244813516829096,0.83
ngc1433,SN1985P,II,55.5264,-47.21,263.1913087181251,432.8497774993816,0.263965,0.58992827,nan,0.0003049153591757,55.506195,-47.221943,18.63,199.7,28.6,185.83234,12m+7m+tp,/data/tycho/0/leroy.42/reduction/alma/phangs-alma/derived/ngc1433/ngc1433_12m+7m+tp_co21_150pc_broad_mom0.fits,/data/tycho/0/leroy.42/reduction/alma/phangs-alma/derived/ngc1433/ngc1433_12m+7m+tp_co21_150pc_broad_emom0.fits,/data/kant/0/sun.1608/PHANGS/ALMA/alphaCO/v1p0/NGC1433_alphaCO21_scaling.fits,/data/tycho/0/leroy.42/reduction/alma/phangs-alma/derived/ngc1433/ngc1433_12m+7m+tp_co21_150pc_coverage2d.fits,/data/tycho/0/leroy.42/projects/phangs_survey_2019/working_data/irac/ngc1433_irac1_gauss7p5.fits,../Data/MixedMaps/ngc1433_Mixed.fits,../Data/ReprojectedInfraredMaps/ngc1433_reshaped.fits,../Data/MassMaps/ngc1433_Mass.fits,99.14470471842597,0.06414500623941422,nan,0.06414500623941422,0.15902523696422577,0.1435399204492569,0.33913418650627136,0.34823116660118103,0.34329953789711,0.6598317623138428,nan,0.6598317623138428,0.5302872657775879,0.43370234966278076,0.168942391872406,0.10253819078207016,0.06687378883361816,nan,nan,nan,nan,nan,nan,1.8459019660949707,2.622720956802368,0.09721418383146013,nan,0.09721418383146013,0.29988507593339764,0.330964129110355,2.0073954366788116,3.3961118676386164,5.133544007073361,5.304207211252953,nan,0.2987235268791047,0.7405811057439645,0.6684659305279026,1.5793491374887518,1.621713806809349,1.5987471940345401,nan,3.0728389120357225,2.4695497214687747,2.0197534165553415,0.7867653321468877,0.4775207266470168,0.31143147732476295,non-detection
ngc5128,SN1986G,Ia,201.4021,-43.0317,158.37238583480186,116.90819961198207,9.314563,0.9835508,8.594614,0.002258955715078,201.36507,-43.01911,3.69,32.17,45.33,767.57574,7m+tp,/data/tycho/0/leroy.42/reduction/alma/phangs-alma/derived/ngc5128/ngc5128_7m+tp_co21_150pc_broad_mom0.fits,/data/tycho/0/leroy.42/reduction/alma/phangs-alma/derived/ngc5128/ngc5128_7m+tp_co21_150pc_broad_emom0.fits,/data/kant/0/sun.1608/PHANGS/ALMA/alphaCO/v1p0/NGC5128_alphaCO21_scaling.fits,/data/tycho/0/leroy.42/reduction/alma/phangs-alma/derived/ngc5128/ngc5128_7m+tp_co21_150pc_coverage2d.fits,/data/tycho/0/leroy.42/projects/phangs_survey_2019/working_data/z0mgs/ngc5128_w1_gauss7p5.fits,../Data/MixedMaps/ngc5128_Mixed.fits,../Data/ReprojectedInfraredMaps/ngc5128_reshaped.fits,../Data/MassMaps/ngc5128_Mass.fits,145.48273291568873,9.314562797546387,nan,nan,nan,9.314562797546387,14.890734672546387,17.228103637695312,17.113990783691406,0.9835507869720459,nan,nan,nan,0.9835507869720459,0.12011269479990005,0.08458099514245987,0.07287342846393585,8.594614028930664,nan,nan,nan,8.594614028930664,36.90363693237305,48.203948974609375,43.96977996826172,9.470342478421626,nan,nan,nan,9.470342478421626,123.9730296398177,203.68764411766495,234.84541820563453,4.838774135471994,nan,nan,nan,31.68597014473837,50.65480629877901,58.60599035934016,58.21780504525854,nan,nan,nan,3.3458103777065626,0.4085953730900005,0.28772481813126105,0.24789840691838436,0.65
ngc4254,SN1986I,II,184.7169,14.4123,168.59519354706515,162.34558085229372,4.968932,0.9254001,5.5154977,0.000494815869629,184.7068,14.416412,13.1,68.1,34.4,151.0502,12m+7m+tp,/data/tycho/0/leroy.42/reduction/alma/phangs-alma/derived/ngc4254/ngc4254_12m+7m+tp_co21_150pc_broad_mom0.fits,/data/tycho/0/leroy.42/reduction/alma/phangs-alma/derived/ngc4254/ngc4254_12m+7m+tp_co21_150pc_broad_emom0.fits,/data/kant/0/sun.1608/PHANGS/ALMA/alphaCO/v1p0/NGC4254_alphaCO21_scaling.fits,/data/tycho/0/leroy.42/reduction/alma/phangs-alma/derived/ngc4254/ngc4254_12m+7m+tp_co21_150pc_coverage2d.fits,/data/tycho/0/leroy.42/projects/phangs_survey_2019/working_data/irac/ngc4254_irac1_gauss7p5.fits,../Data/MixedMaps/ngc4254_Mixed.fits,../Data/ReprojectedInfraredMaps/ngc4254_reshaped.fits,../Data/MassMaps/ngc4254_Mass.fits,113.13377612114876,8.04161262512207,nan,nan,8.04161262512207,9.974013328552246,17.547128677368164,17.35063362121582,16.201438903808594,1.0142433643341064,nan,nan,1.0142433643341064,0.742061197757721,0.20957466959953308,0.11328569799661636,0.07304016500711441,5.84504508972168,nan,nan,5.84504508972168,6.830017566680908,12.275113105773926,14.352664947509766,16.130084991455078,7.9286815254657625,nan,nan,7.9286815254657625,13.44095791383598,83.72733551673106,153.15820026755762,221.81547511879947,5.976873664160871,nan,nan,39.65800988859924,49.187835531525764,86.53540465623044,85.56636980672695,79.89900212919349,nan,nan,5.001841701072684,3.659548363059178,1.0335382599024454,0.5586796505655456,0.360204814774088,0.72
ngc1559,SN1986L,II,64.374,-62.7846,534.0347426789208,343.2629591363379,1.4593294,1.2151972,nan,0.0003463939709418,64.40238,-62.78341,19.44,244.5,65.4,125.63808,12m+7m+tp,/data/tycho/0/leroy.42/reduction/alma/phangs-alma/derived/ngc1559/ngc1559_12m+7m+tp_co21_150pc_broad_mom0.fits,/data/tycho/0/leroy.42/reduction/alma/phangs-alma/derived/ngc1559/ngc1559_12m+7m+tp_co21_150pc_broad_emom0.fits,/data/kant/0/sun.1608/PHANGS/ALMA/alphaCO/v1p0/NGC1559_alphaCO21_scaling.fits,/data/tycho/0/leroy.42/reduction/alma/phangs-alma/derived/ngc1559/ngc1559_12m+7m+tp_co21_150pc_coverage2d.fits,/data/tycho/0/leroy.42/projects/phangs_survey_2019/working_data/irac/ngc1559_irac1_gauss7p5.fits,../Data/MixedMaps/ngc1559_Mixed.fits,../Data/ReprojectedInfraredMaps/ngc1559_reshaped.fits,../Data/MassMaps/ngc1559_Mass.fits,117.52870547054496,2.0694949626922607,nan,nan,2.0694949626922607,2.06026029586792,1.5911895036697388,1.6934045553207397,2.350349187850952,1.26418137550354,nan,nan,1.26418137550354,0.9569928050041199,0.3846798837184906,0.23893621563911438,0.15887558460235596,nan,nan,nan,nan,nan,nan,1.7739157676696777,14.811400413513184,1.637023771108757,nan,nan,1.637023771108757,2.1528482608174366,4.136399045067233,7.087266159259976,14.793646196384154,7.557693438435582,nan,nan,6.510884897987433,6.481831503875119,5.006077277811663,5.327658363119417,7.39448672649481,nan,nan,3.9772696114104726,3.0108167035487985,1.2102500806302874,0.7517226308988668,0.4998420692460632,non-detection
ngc4496a,SN1988M,II,187.9206,3.9228,121.82912063119215,67.85704784599295,0.0,0.52312535,nan,0.0003482539090036,187.91354,3.939608,14.86,51.1,53.8,101.18619,12m+7m+tp,/data/tycho/0/leroy.42/reduction/alma/phangs-alma/derived/ngc4496a/ngc4496a_12m+7m+tp_co21_150pc_broad_mom0.fits,/data/tycho/0/leroy.42/reduction/alma/phangs-alma/derived/ngc4496a/ngc4496a_12m+7m+tp_co21_150pc_broad_emom0.fits,/data/kant/0/sun.1608/PHANGS/ALMA/alphaCO/v1p0/NGC4496A_alphaCO21_scaling.fits,/data/tycho/0/leroy.42/reduction/alma/phangs-alma/derived/ngc4496a/ngc4496a_12m+7m+tp_co21_150pc_coverage2d.fits,/data/tycho/0/leroy.42/projects/phangs_survey_2019/working_data/irac/ngc4496a_irac1_gauss7p5.fits,../Data/MixedMaps/ngc4496a_Mixed.fits,../Data/ReprojectedInfraredMaps/ngc4496a_reshaped.fits,../Data/MassMaps/ngc4496a_Mass.fits,90.32171534735664,0.0,nan,0.0,0.0,0.0,0.0,0.0,0.0,0.5231253504753113,nan,0.5231253504753113,0.40037479996681213,0.3458735942840576,0.15175065398216248,0.09143877774477005,0.05687061324715614,nan,nan,nan,nan,nan,nan,nan,nan,0.0,nan,0.0,0.0,0.0,0.0,0.0,0.0,14.557394028584952,nan,0.0,0.0,0.0,0.0,0.0,0.0,nan,4.497664059369469,3.442294177584417,2.9737102831719118,1.3047034745711412,0.7861612975200949,0.4889553010643232,0.1
ngc3627,SN1989B,Ia,170.058,13.0053,251.5371313808383,556.7930397399508,18.840698,1.5260814,11.721322,0.0004517319625788,170.06252,12.9915,11.32,173.1,57.3,308.40494,12m+7m+tp,/data/tycho/0/leroy.42/reduction/alma/phangs-alma/derived/ngc3627/ngc3627_12m+7m+tp_co21_150pc_broad_mom0.fits,/data/tycho/0/leroy.42/reduction/alma/phangs-alma/derived/ngc3627/ngc3627_12m+7m+tp_co21_150pc_broad_emom0.fits,/data/kant/0/sun.1608/PHANGS/ALMA/alphaCO/v1p0/NGC3627_alphaCO21_scaling.fits,/data/tycho/0/leroy.42/reduction/alma/phangs-alma/derived/ngc3627/ngc3627_12m+7m+tp_co21_150pc_coverage2d.fits,/data/tycho/0/leroy.42/projects/phangs_survey_2019/working_data/irac/ngc3627_irac1_gauss7p5.fits,../Data/MixedMaps/ngc3627_Mixed.fits,../Data/ReprojectedInfraredMaps/ngc3627_reshaped.fits,../Data/MassMaps/ngc3627_Mass.fits,89.24925814494215,9.774725914001465,nan,9.774725914001465,17.696874618530273,28.26753807067871,48.920188903808594,40.365013122558594,34.815677642822266,1.639086127281189,nan,1.639086127281189,1.1331961154937744,0.8726234436035156,0.18240296840667725,0.08658990263938904,0.05835059657692909,4.702906131744385,nan,4.702906131744385,14.300390243530273,19.218685150146484,31.298355102539062,36.395015716552734,38.393821716308594,5.963521837754282,nan,5.963521837754282,15.61678016414582,32.39374128426731,268.1984253388815,466.1630501036836,596.6636107468323,5.053912420921165,nan,26.688200680132002,48.318259292973536,77.17962993549692,133.56812561922183,110.20969591872735,95.05819395053031,nan,4.475241544547129,3.0939962517949904,2.3825475809730197,0.49801979802995533,0.23641877213179938,0.1593162248181145,0.89
ngc1097,SN1992bd,II,41.5792,-30.2756,291.5099030167368,315.426803230518,296.15988,2.0283754,45.82589,0.0004711325009833,41.578957,-30.274675,13.58,122.4,48.6,317.0452,12m+7m+tp,/data/tycho/0/leroy.42/reduction/alma/phangs-alma/derived/ngc1097/ngc1097_12m+7m+tp_co21_150pc_broad_mom0.fits,/data/tycho/0/leroy.42/reduction/alma/phangs-alma/derived/ngc1097/ngc1097_12m+7m+tp_co21_150pc_broad_emom0.fits,/data/kant/0/sun.1608/PHANGS/ALMA/alphaCO/v1p0/NGC1097_alphaCO21_scaling.fits,/data/tycho/0/leroy.42/reduction/alma/phangs-alma/derived/ngc1097/ngc1097_12m+7m+tp_co21_150pc_coverage2d.fits,/data/tycho/0/leroy.42/projects/phangs_survey_2019/working_data/irac/ngc1097_irac1_gauss7p5.fits,../Data/MixedMaps/ngc1097_Mixed.fits,../Data/ReprojectedInfraredMaps/ngc1097_reshaped.fits,../Data/MassMaps/ngc1097_Mass.fits,111.66580536484963,282.0977783203125,nan,nan,282.0977783203125,260.3741149902344,223.9143524169922,193.74581909179688,167.37948608398438,2.054412841796875,nan,nan,2.054412841796875,1.491909384727478,0.4566611051559448,0.2543865442276001,0.15315735340118408,46.925418853759766,nan,nan,46.925418853759766,49.31303024291992,98.3154525756836,110.4483871459961,116.62813568115234,137.31309140064468,nan,nan,137.31309140064468,174.52408145940848,490.32937092491784,761.6197612970132,1092.859613769549,4.206428083333224,nan,nan,784.7285421019105,724.2985069714374,622.8761685899018,538.9545251278527,465.6096934705792,nan,nan,5.714885114721307,4.150135046778044,1.2703219621842319,0.7076425173239085,0.426047122250747,0.99
ngc2775,SN1993Z,Ia,137.5816,7.0278,238.87645821251908,127.10339065992463,-0.38350943,1.6052351,nan,0.0003033655107496,137.58395,7.038066,23.15,156.5,41.2,127.38587,12m+7m+tp,/data/tycho/0/leroy.42/reduction/alma/phangs-alma/derived/ngc2775/ngc2775_12m+7m+tp_co21_150pc_broad_mom0.fits,/data/tycho/0/leroy.42/reduction/alma/phangs-alma/derived/ngc2775/ngc2775_12m+7m+tp_co21_150pc_broad_emom0.fits,/data/kant/0/sun.1608/PHANGS/ALMA/alphaCO/v1p0/NGC2775_alphaCO21_scaling.fits,/data/tycho/0/leroy.42/reduction/alma/phangs-alma/derived/ngc2775/ngc2775_12m+7m+tp_co21_150pc_coverage2d.fits,/data/tycho/0/leroy.42/projects/phangs_survey_2019/working_data/irac/ngc2775_irac1_gauss7p5.fits,../Data/MixedMaps/ngc2775_Mixed.fits,../Data/ReprojectedInfraredMaps/ngc2775_reshaped.fits,../Data/MassMaps/ngc2775_Mass.fits,122.57293004001274,-0.38350942730903625,nan,nan,-0.38350942730903625,0.15208368003368378,1.6620205640792847,2.2683489322662354,2.4687201976776123,1.6052350997924805,nan,nan,1.6052350997924805,1.294608473777771,0.5781271457672119,0.363608717918396,0.24556951224803925,nan,nan,nan,nan,nan,3.4430792331695557,5.321804523468018,7.90779447555542,-0.23891168798801815,nan,nan,-0.23891168798801815,0.11747465207754391,2.8748357108775378,6.238433845184417,10.053040277996985,5.474581647808236,nan,nan,-1.5797354852214114,0.6264565326543369,6.846123394322852,9.343685046567407,10.169045717386075,nan,nan,6.612215160024478,5.332695365131355,2.381396393685776,1.497761341779716,1.0115393389642526,non-detection
ngc1087,SN1995V,II,41.6115,-0.4988,161.4198245203906,287.6499560537321,11.513839,1.1399242,5.175495,0.0004451676280474,41.60492,-0.498717,15.85,359.1,42.9,89.14999,12m+7m+tp,/data/tycho/0/leroy.42/reduction/alma/phangs-alma/derived/ngc1087/ngc1087_12m+7m+tp_co21_150pc_broad_mom0.fits,/data/tycho/0/leroy.42/reduction/alma/phangs-alma/derived/ngc1087/ngc1087_12m+7m+tp_co21_150pc_broad_emom0.fits,/data/kant/0/sun.1608/PHANGS/ALMA/alphaCO/v1p0/NGC1087_alphaCO21_scaling.fits,/data/tycho/0/leroy.42/reduction/alma/phangs-alma/derived/ngc1087/ngc1087_12m+7m+tp_co21_150pc_coverage2d.fits,/data/tycho/0/leroy.42/projects/phangs_survey_2019/working_data/irac/ngc1087_irac1_gauss7p5.fits,../Data/MixedMaps/ngc1087_Mixed.fits,../Data/ReprojectedInfraredMaps/ngc1087_reshaped.fits,../Data/MassMaps/ngc1087_Mass.fits,123.1488071983115,15.466903686523438,nan,nan,15.466903686523438,12.753849029541016,4.536659240722656,4.371304512023926,4.203847885131836,1.1405595541000366,nan,nan,1.1405595541000366,0.9069606065750122,0.2801399230957031,0.1639837622642517,0.10871382057666779,6.007981300354004,nan,nan,6.007981300354004,6.287197589874268,8.803016662597656,14.90282154083252,20.871063232421875,13.560803231119014,nan,nan,13.560803231119014,14.062186314468311,16.194261748165093,26.656935123733685,38.668937057245394,6.629858070576079,nan,nan,75.11742207710826,61.94105039229683,22.032990824291883,21.22991988004524,20.41664074048338,nan,nan,5.539304773977587,4.404795172466666,1.3605430841445028,0.796412632641456,0.5279855691471074,0.9
circinus,SN1996cr,II,213.2918,-65.3457,86.56761411031889,84.63433198287285,186.84804,2.137819,34.56537,0.002032163908078,213.29124,-65.33915,4.2,36.74,64.3,262.49515,7m+tp,/data/tycho/0/leroy.42/reduction/alma/phangs-alma/derived/circinus/circinus_7m+tp_co21_150pc_broad_mom0.fits,/data/tycho/0/leroy.42/reduction/alma/phangs-alma/derived/circinus/circinus_7m+tp_co21_150pc_broad_emom0.fits,/data/kant/0/sun.1608/PHANGS/ALMA/alphaCO/v1p0/ESO097-013_alphaCO21_scaling.fits,/data/tycho/0/leroy.42/reduction/alma/phangs-alma/derived/circinus/circinus_7m+tp_co21_150pc_coverage2d.fits,/data/tycho/0/leroy.42/projects/phangs_survey_2019/working_data/z0mgs/eso097-013_w1_gauss7p5.fits,../Data/MixedMaps/circinus_Mixed.fits,../Data/ReprojectedInfraredMaps/circinus_reshaped.fits,../Data/MassMaps/circinus_Mass.fits,148.96539476404914,186.84803771972656,nan,nan,nan,186.84803771972656,111.39796447753906,97.68943786621094,81.1122817993164,2.1378190517425537,nan,nan,nan,2.1378190517425537,0.24664470553398132,0.17664189636707306,0.16147032380104065,34.56536865234375,nan,nan,nan,34.56536865234375,49.76144790649414,69.42247772216797,86.25480651855469,87.40124079604642,nan,nan,nan,87.40124079604642,451.65358095307374,553.036623107839,502.3355368956884,4.968773833170559,nan,nan,nan,402.6115402289611,240.03519974851744,210.4966984047925,174.77700651956354,nan,nan,nan,4.606473964923083,0.5314586441272052,0.3806198172227499,0.34792881188466773,0.98
ngc1637,SN1999em,II,70.3629,-2.8626,366.390481532442,201.78455433264878,2.9875822,0.48953336,3.6040678,0.0003862486059138,70.36741,-2.857962,11.7,20.61,31.1,95.30621,12m+7m+tp,/data/tycho/0/leroy.42/reduction/alma/phangs-alma/derived/ngc1637/ngc1637_12m+7m+tp_co21_150pc_broad_mom0.fits,/data/tycho/0/leroy.42/reduction/alma/phangs-alma/derived/ngc1637/ngc1637_12m+7m+tp_co21_150pc_broad_emom0.fits,/data/kant/0/sun.1608/PHANGS/ALMA/alphaCO/v1p0/NGC1637_alphaCO21_scaling.fits,/data/tycho/0/leroy.42/reduction/alma/phangs-alma/derived/ngc1637/ngc1637_12m+7m+tp_co21_150pc_coverage2d.fits,/data/tycho/0/leroy.42/projects/phangs_survey_2019/working_data/irac/ngc1637_irac1_gauss7p5.fits,../Data/MixedMaps/ngc1637_Mixed.fits,../Data/ReprojectedInfraredMaps/ngc1637_reshaped.fits,../Data/MassMaps/ngc1637_Mass.fits,78.8733258817267,3.399592876434326,nan,3.272808313369751,3.039271354675293,2.9616308212280273,3.8183584213256836,3.8756113052368164,4.004761695861816,0.6058809161186218,nan,0.5043249726295471,0.36427754163742065,0.2952243983745575,0.08486080169677734,0.05299988016486168,0.042810212820768356,3.604067802429199,nan,3.674030065536499,3.742617607116699,3.950456380844116,6.500604629516602,7.9651899337768555,9.459827423095703,5.610991840133714,nan,6.48948295442391,8.34328501563348,10.031795602037414,44.99554971174269,73.1249069466067,93.54687659760947,7.200359490582034,nan,20.178273272902757,18.738417308039537,18.259729969537936,23.54182472729945,23.8948134228186,24.691081222765053,nan,3.1093807341226065,2.245927985550999,1.8201856072336111,0.5232034029613296,0.3267670951057179,0.2639434059244263,0.76
ngc1097,SN1999eu,II,41.5866,-30.3184,245.2470996170838,7.223039949207134,0.0,0.7541714,nan,0.0004711325009833,41.578957,-30.274675,13.58,122.4,48.6,317.0452,12m+7m+tp,/data/tycho/0/leroy.42/reduction/alma/phangs-alma/derived/ngc1097/ngc1097_12m+7m+tp_co21_150pc_broad_mom0.fits,/data/tycho/0/leroy.42/reduction/alma/phangs-alma/derived/ngc1097/ngc1097_12m+7m+tp_co21_150pc_broad_emom0.fits,/data/kant/0/sun.1608/PHANGS/ALMA/alphaCO/v1p0/NGC1097_alphaCO21_scaling.fits,/data/tycho/0/leroy.42/reduction/alma/phangs-alma/derived/ngc1097/ngc1097_12m+7m+tp_co21_150pc_coverage2d.fits,/data/tycho/0/leroy.42/projects/phangs_survey_2019/working_data/irac/ngc1097_irac1_gauss7p5.fits,../Data/MixedMaps/ngc1097_Mixed.fits,../Data/ReprojectedInfraredMaps/ngc1097_reshaped.fits,../Data/MassMaps/ngc1097_Mass.fits,111.66580536484963,0.0,nan,nan,0.0,0.0,0.0,0.0,0.0,0.7541713714599609,nan,nan,0.7541713714599609,0.5342973470687866,0.12150260806083679,0.06001226231455803,0.03276948630809784,nan,nan,nan,nan,nan,nan,nan,nan,0.0,nan,nan,0.0,0.0,0.0,0.0,0.0,10.912807259453894,nan,nan,0.0,0.0,0.0,0.0,0.0,nan,nan,5.442680517425697,3.8559004908580077,0.8768562461194342,0.4330946297706635,0.23648981046557938,0.05
ngc4303,SN1999gn,II,185.4876,4.4627,138.25424596598214,111.34214667332682,7.4857783,0.91948825,3.686139,0.000503635821363,185.47888,4.473744,16.99,312.4,23.5,206.59573,12m+7m+tp,/data/tycho/0/leroy.42/reduction/alma/phangs-alma/derived/ngc4303/ngc4303_12m+7m+tp_co21_150pc_broad_mom0.fits,/data/tycho/0/leroy.42/reduction/alma/phangs-alma/derived/ngc4303/ngc4303_12m+7m+tp_co21_150pc_broad_emom0.fits,/data/kant/0/sun.1608/PHANGS/ALMA/alphaCO/v1p0/NGC4303_alphaCO21_scaling.fits,/data/tycho/0/leroy.42/reduction/alma/phangs-alma/derived/ngc4303/ngc4303_12m+7m+tp_co21_150pc_coverage2d.fits,/data/tycho/0/leroy.42/projects/phangs_survey_2019/working_data/irac/ngc4303_irac1_gauss7p5.fits,../Data/MixedMaps/ngc4303_Mixed.fits,../Data/ReprojectedInfraredMaps/ngc4303_reshaped.fits,../Data/MassMaps/ngc4303_Mass.fits,149.34385530047734,6.382997035980225,nan,nan,nan,6.382997035980225,9.377272605895996,7.970437049865723,7.122220516204834,0.9014947414398193,nan,nan,nan,0.9014947414398193,0.2384788542985916,0.1325761377811432,0.0827925056219101,3.0565872192382812,nan,nan,nan,3.0565872192382812,6.591360569000244,7.685065269470215,8.414108276367188,7.080459533003645,nan,nan,nan,7.080459533003645,39.32119111137216,60.119695619911084,86.02494226627222,5.367623021759306,nan,nan,nan,31.41987376544035,46.15899394603556,39.23394050639909,35.05865164708164,nan,nan,nan,4.43754725508777,1.173896126780499,0.652597124816533,0.40754054258548544,0.41
ngc1365,SN2001du,II,53.3713,-36.1421,673.9024849664049,205.70404673775522,3.0703216,1.3357118,nan,0.0003829740084505,53.40152,-36.140404,19.57,201.1,55.4,360.67926,12m+7m+tp,/data/tycho/0/leroy.42/reduction/alma/phangs-alma/derived/ngc1365/ngc1365_12m+7m+tp_co21_150pc_broad_mom0.fits,/data/tycho/0/leroy.42/reduction/alma/phangs-alma/derived/ngc1365/ngc1365_12m+7m+tp_co21_150pc_broad_emom0.fits,/data/kant/0/sun.1608/PHANGS/ALMA/alphaCO/v1p0/NGC1365_alphaCO21_scaling.fits,/data/tycho/0/leroy.42/reduction/alma/phangs-alma/derived/ngc1365/ngc1365_12m+7m+tp_co21_150pc_coverage2d.fits,/data/tycho/0/leroy.42/projects/phangs_survey_2019/working_data/irac/ngc1365_irac1_gauss7p5.fits,../Data/MixedMaps/ngc1365_Mixed.fits,../Data/ReprojectedInfraredMaps/ngc1365_reshaped.fits,../Data/MassMaps/ngc1365_Mass.fits,130.80896025947337,3.070321559906006,nan,nan,3.070321559906006,2.8034262657165527,2.4074149131774902,2.733246326446533,2.6764848232269287,1.3357118368148804,nan,nan,1.3357118368148804,1.1442593336105347,0.37751707434654236,0.27068665623664856,0.2032235562801361,nan,nan,nan,nan,nan,4.935729026794434,6.934535026550293,9.344526290893555,2.2986406762909666,nan,nan,2.2986406762909666,2.4499920458335014,6.376969617452588,10.097454985209854,13.170150509213085,6.1035414066894775,nan,nan,10.641297959027728,9.716276819085866,8.343757779857041,9.473043128429174,9.276315829161987,nan,nan,4.6293873021503655,3.96584014858723,1.3084205007064356,0.9381614617054217,0.7043439498032165,non-detection
ngc2997,SN2003jg,Ic,146.4086,-31.1891,585.4652091010014,576.33452414425,107.84368,1.0240551,12.296705,0.0004911204571882,146.41164,-31.19109,14.06,108.1,33.0,307.69553,12m+7m+tp,/data/tycho/0/leroy.42/reduction/alma/phangs-alma/derived/ngc2997/ngc2997_12m+7m+tp_co21_150pc_broad_mom0.fits,/data/tycho/0/leroy.42/reduction/alma/phangs-alma/derived/ngc2997/ngc2997_12m+7m+tp_co21_150pc_broad_emom0.fits,/data/kant/0/sun.1608/PHANGS/ALMA/alphaCO/v1p0/NGC2997_alphaCO21_scaling.fits,/data/tycho/0/leroy.42/reduction/alma/phangs-alma/derived/ngc2997/ngc2997_12m+7m+tp_co21_150pc_coverage2d.fits,/data/tycho/0/leroy.42/projects/phangs_survey_2019/working_data/z0mgs/ngc2997_w1_gauss7p5.fits,../Data/MixedMaps/ngc2997_Mixed.fits,../Data/ReprojectedInfraredMaps/ngc2997_reshaped.fits,../Data/MassMaps/ngc2997_Mass.fits,120.5176661654163,106.31340026855469,nan,nan,106.31340026855469,101.05767822265625,49.659358978271484,40.3956184387207,35.756282806396484,1.0844452381134033,nan,nan,1.0844452381134033,0.8330814242362976,0.22872264683246613,0.11833222955465317,0.06862509250640869,11.921133041381836,nan,nan,11.921133041381836,12.913503646850586,18.985553741455078,22.12933349609375,26.05636978149414,98.03482604018518,nan,nan,98.03482604018518,121.30588353389088,217.11605591310675,341.3746076681797,521.0380270606894,4.474584633626351,nan,nan,398.9625561675968,379.2393952429976,186.35679740812068,151.59273571884614,134.18268958998624,nan,nan,4.069600286780324,3.126306690120635,0.8583280339373133,0.44406564610744614,0.25752955181975024,1.0
ngc6744,SN2005at,Ic,287.4733,-63.8231,228.6160557905061,1000.6074709654724,4.835074,1.5029258,3.258406,0.000315039978844,287.44208,-63.85754,9.39,14.0,52.7,470.02527,12m+7m+tp,/data/tycho/0/leroy.42/reduction/alma/phangs-alma/derived/ngc6744/ngc6744_12m+7m+tp_co21_150pc_broad_mom0.fits,/data/tycho/0/leroy.42/reduction/alma/phangs-alma/derived/ngc6744/ngc6744_12m+7m+tp_co21_150pc_broad_emom0.fits,/data/kant/0/sun.1608/PHANGS/ALMA/alphaCO/v1p0/NGC6744_alphaCO21_scaling.fits,/data/tycho/0/leroy.42/reduction/alma/phangs-alma/derived/ngc6744/ngc6744_12m+7m+tp_co21_150pc_coverage2d.fits,/data/tycho/0/leroy.42/projects/phangs_survey_2019/working_data/z0mgs/ngc6744_w1_gauss7p5.fits,../Data/MixedMaps/ngc6744_Mixed.fits,../Data/ReprojectedInfraredMaps/ngc6744_reshaped.fits,../Data/MassMaps/ngc6744_Mass.fits,51.6307732695387,7.678491115570068,7.417896747589111,6.817057132720947,6.181743144989014,5.625293254852295,2.4742674827575684,1.9996764659881592,1.9126501083374023,1.797761082649231,1.4641156196594238,0.9526326656341553,0.7281206250190735,0.5904022455215454,0.1398678421974182,0.06524473428726196,0.04061729088425636,3.072154998779297,4.0313615798950195,3.929675817489624,4.277412414550781,4.484193325042725,5.497471809387207,5.942809581756592,7.069946765899658,4.271141026289672,5.066469237801472,7.1560186613828956,8.489998679582905,9.527899491444282,17.690038281031267,30.648856000913554,47.08955389929177,5.555324324065363,24.97206826319571,22.94936447150482,20.810604010143418,18.937336544394704,8.32952770620715,6.731835035206169,6.438864100465359,4.928889743744307,3.2070017641722965,2.451190488426059,1.9875667833607777,0.47085978978003484,0.21964392520900325,0.1367365703704872,0.75
ngc1559,SN2005df,Ia,64.4077,-62.7693,348.8486348837993,527.3802225660572,0.0,0.43404207,nan,0.0003463939709418,64.40238,-62.78341,19.44,244.5,65.4,125.63808,12m+7m+tp,/data/tycho/0/leroy.42/reduction/alma/phangs-alma/derived/ngc1559/ngc1559_12m+7m+tp_co21_150pc_broad_mom0.fits,/data/tycho/0/leroy.42/reduction/alma/phangs-alma/derived/ngc1559/ngc1559_12m+7m+tp_co21_150pc_broad_emom0.fits,/data/kant/0/sun.1608/PHANGS/ALMA/alphaCO/v1p0/NGC1559_alphaCO21_scaling.fits,/data/tycho/0/leroy.42/reduction/alma/phangs-alma/derived/ngc1559/ngc1559_12m+7m+tp_co21_150pc_coverage2d.fits,/data/tycho/0/leroy.42/projects/phangs_survey_2019/working_data/irac/ngc1559_irac1_gauss7p5.fits,../Data/MixedMaps/ngc1559_Mixed.fits,../Data/ReprojectedInfraredMaps/ngc1559_reshaped.fits,../Data/MassMaps/ngc1559_Mass.fits,117.52870547054496,0.0,nan,nan,0.0,0.0,0.0,0.0,0.0,0.4340420663356781,nan,nan,0.4340420663356781,0.3326946198940277,0.11673393100500107,0.07273727655410767,0.051012344658374786,nan,nan,nan,nan,nan,nan,nan,nan,0.0,nan,nan,0.0,0.0,0.0,0.0,0.0,10.677950871542432,nan,nan,0.0,0.0,0.0,0.0,0.0,nan,nan,1.9293282042085649,1.4788361850935956,0.518885340716968,0.32331907443419816,0.22675119060025667,0.05
ngc4321,SN2006X,Ia,185.7249,15.809,304.88763318168094,143.8619846766465,0.12854557,1.1225895,nan,0.000462934650464,185.72887,15.822304,15.21,156.2,38.5,182.86105,12m+7m+tp,/data/tycho/0/leroy.42/reduction/alma/phangs-alma/derived/ngc4321/ngc4321_12m+7m+tp_co21_150pc_broad_mom0.fits,/data/tycho/0/leroy.42/reduction/alma/phangs-alma/derived/ngc4321/ngc4321_12m+7m+tp_co21_150pc_broad_emom0.fits,/data/kant/0/sun.1608/PHANGS/ALMA/alphaCO/v1p0/NGC4321_alphaCO21_scaling.fits,/data/tycho/0/leroy.42/reduction/alma/phangs-alma/derived/ngc4321/ngc4321_12m+7m+tp_co21_150pc_coverage2d.fits,/data/tycho/0/leroy.42/projects/phangs_survey_2019/working_data/irac/ngc4321_irac1_gauss7p5.fits,../Data/MixedMaps/ngc4321_Mixed.fits,../Data/ReprojectedInfraredMaps/ngc4321_reshaped.fits,../Data/MassMaps/ngc4321_Mass.fits,122.89275219530901,0.00961965974420309,nan,nan,0.00961965974420309,0.4542406499385834,4.376782417297363,4.898399829864502,4.950248718261719,1.2862663269042969,nan,nan,1.2862663269042969,1.0318584442138672,0.2810809314250946,0.1446082442998886,0.07719770073890686,nan,nan,nan,nan,nan,8.72553825378418,9.433574676513672,10.788125038146973,0.007478746464081874,nan,nan,0.007478746464081874,0.44021605142229725,15.571253429063487,33.87358620927725,64.12430254890795,5.302988049688769,nan,nan,0.039923143469911986,1.885172149492325,18.16435477228266,20.32915138173356,20.544332652722375,nan,nan,5.338213250262005,4.282379398482878,1.16653131715005,0.6001475974860271,0.3203829411953931,non-detection
ngc4303,SN2006ov,II,185.4804,4.488,202.77730073141146,338.98751565542256,-0.62759334,1.2511787,nan,0.000503635821363,185.47888,4.473744,16.99,312.4,23.5,206.59573,12m+7m+tp,/data/tycho/0/leroy.42/reduction/alma/phangs-alma/derived/ngc4303/ngc4303_12m+7m+tp_co21_150pc_broad_mom0.fits,/data/tycho/0/leroy.42/reduction/alma/phangs-alma/derived/ngc4303/ngc4303_12m+7m+tp_co21_150pc_broad_emom0.fits,/data/kant/0/sun.1608/PHANGS/ALMA/alphaCO/v1p0/NGC4303_alphaCO21_scaling.fits,/data/tycho/0/leroy.42/reduction/alma/phangs-alma/derived/ngc4303/ngc4303_12m+7m+tp_co21_150pc_coverage2d.fits,/data/tycho/0/leroy.42/projects/phangs_survey_2019/working_data/irac/ngc4303_irac1_gauss7p5.fits,../Data/MixedMaps/ngc4303_Mixed.fits,../Data/ReprojectedInfraredMaps/ngc4303_reshaped.fits,../Data/MassMaps/ngc4303_Mass.fits,149.34385530047734,-0.7098835706710815,nan,nan,nan,-0.7098835706710815,5.235169887542725,6.051185131072998,7.012049674987793,1.3054817914962769,nan,nan,nan,1.3054817914962769,0.3548451364040375,0.20879733562469482,0.14446032047271729,nan,nan,nan,nan,nan,6.076566696166992,7.420620441436768,9.714367866516113,-0.5437713304736707,nan,nan,nan,-0.5437713304736707,14.753393383365415,28.981141512024706,48.53962425143647,5.452868628705801,nan,nan,nan,-3.549849540833347,26.179032998199748,30.259605443087512,35.06451247424263,nan,nan,nan,6.528202834344226,1.774441466985951,1.044113649924119,0.7223894501656538,non-detection
ngc5530,SN2007it,II,214.6067,-43.3817,390.2595866318546,373.0812908090254,3.082237,1.3917842,1.7829744,0.0003125321832383,214.6138,-43.38826,12.27,305.4,61.9,144.91765,12m+7m+tp,/data/tycho/0/leroy.42/reduction/alma/phangs-alma/derived/ngc5530/ngc5530_12m+7m+tp_co21_150pc_broad_mom0.fits,/data/tycho/0/leroy.42/reduction/alma/phangs-alma/derived/ngc5530/ngc5530_12m+7m+tp_co21_150pc_broad_emom0.fits,/data/kant/0/sun.1608/PHANGS/ALMA/alphaCO/v1p0/NGC5530_alphaCO21_scaling.fits,/data/tycho/0/leroy.42/reduction/alma/phangs-alma/derived/ngc5530/ngc5530_12m+7m+tp_co21_150pc_coverage2d.fits,/data/tycho/0/leroy.42/projects/phangs_survey_2019/working_data/z0mgs/ngc5530_w1_gauss7p5.fits,../Data/MixedMaps/ngc5530_Mixed.fits,../Data/ReprojectedInfraredMaps/ngc5530_reshaped.fits,../Data/MassMaps/ngc5530_Mass.fits,66.92936060767958,1.264719843864441,nan,1.6753138303756714,2.1807479858398438,2.5444424152374268,3.2769296169281006,2.9159741401672363,2.67687726020813,1.6904544830322266,nan,1.2609670162200928,1.0127352476119995,0.8619760274887085,0.25256362557411194,0.11914363503456116,0.06845573335886002,1.782974362373352,nan,1.731729507446289,1.738126516342163,2.3076536655426025,9.691722869873047,12.280269622802734,14.012927055358887,0.7481537400497582,nan,1.3285944904392784,2.153324860551644,2.9518714373651855,12.974669687605203,24.47444329964728,39.10377011338627,6.187592418588971,nan,4.88258412489414,6.355636360781945,7.415598151278758,9.550380493439116,8.498401187429929,7.801570176288408,nan,3.674999527718794,2.951545527205654,2.512168401852167,0.7360788924409123,0.3472357300789925,0.19950941184614118,non-detection
ngc7793,SN2008bk,II,359.4601,-32.556,104.61854343784563,146.2301768465765,-0.0075710528,0.17158689,nan,0.002219068508634,359.45758,-32.591072,3.62,290.0,50.0,310.54272,7m+tp,/data/tycho/0/leroy.42/reduction/alma/phangs-alma/derived/ngc7793/ngc7793_7m+tp_co21_150pc_broad_mom0.fits,/data/tycho/0/leroy.42/reduction/alma/phangs-alma/derived/ngc7793/ngc7793_7m+tp_co21_150pc_broad_emom0.fits,/data/kant/0/sun.1608/PHANGS/ALMA/alphaCO/v1p0/NGC7793_alphaCO21_scaling.fits,/data/tycho/0/leroy.42/reduction/alma/phangs-alma/derived/ngc7793/ngc7793_7m+tp_co21_150pc_coverage2d.fits,/data/tycho/0/leroy.42/projects/phangs_survey_2019/working_data/irac/ngc7793_irac1_gauss7p5.fits,../Data/MixedMaps/ngc7793_Mixed.fits,../Data/ReprojectedInfraredMaps/ngc7793_reshaped.fits,../Data/MassMaps/ngc7793_Mass.fits,140.20278751803758,-0.007571052759885788,nan,nan,nan,-0.007571052759885788,0.10425052046775818,0.08598671108484268,0.07790473848581314,0.17158688604831696,nan,nan,nan,0.17158688604831696,0.022268299013376236,0.01656349003314972,0.014679756946861744,nan,nan,nan,nan,nan,2.3429856300354004,2.625314235687256,3.6813855171203613,-0.04412372608565123,nan,nan,nan,-0.04412372608565123,4.681566400969218,5.191340165191709,5.3069501605384355,13.97365012824495,nan,nan,nan,-0.06800387095865945,0.9363874702901238,0.7723403059287866,0.6997473074190103,nan,nan,nan,1.5412087099501304,0.2000158472805736,0.14877474435356428,0.13185488581034932,non-detection
ngc2997,SN2008eh,unclassified,146.4507,-31.1791,153.98999644262688,695.4058331767972,15.87045,0.5928071,5.444655,0.0004911204571882,146.41164,-31.19109,14.06,108.1,33.0,307.69553,12m+7m+tp,/data/tycho/0/leroy.42/reduction/alma/phangs-alma/derived/ngc2997/ngc2997_12m+7m+tp_co21_150pc_broad_mom0.fits,/data/tycho/0/leroy.42/reduction/alma/phangs-alma/derived/ngc2997/ngc2997_12m+7m+tp_co21_150pc_broad_emom0.fits,/data/kant/0/sun.1608/PHANGS/ALMA/alphaCO/v1p0/NGC2997_alphaCO21_scaling.fits,/data/tycho/0/leroy.42/reduction/alma/phangs-alma/derived/ngc2997/ngc2997_12m+7m+tp_co21_150pc_coverage2d.fits,/data/tycho/0/leroy.42/projects/phangs_survey_2019/working_data/z0mgs/ngc2997_w1_gauss7p5.fits,../Data/MixedMaps/ngc2997_Mixed.fits,../Data/ReprojectedInfraredMaps/ngc2997_reshaped.fits,../Data/MassMaps/ngc2997_Mass.fits,120.5176661654163,14.246207237243652,nan,nan,14.246207237243652,13.20206356048584,9.838434219360352,7.661895275115967,6.231822490692139,0.604849636554718,nan,nan,0.604849636554718,0.4912261366844177,0.14890073239803314,0.07805385440587997,0.05324060469865799,5.487145900726318,nan,nan,5.487145900726318,5.907916069030762,9.295985221862793,10.870308876037598,12.28605842590332,23.553303790329487,nan,nan,23.553303790329487,26.875735174831192,66.0737798996233,98.16165176512767,117.05018239301143,7.38683854666736,nan,nan,88.25702149350025,81.78842185941642,60.95032073452239,47.46639191159848,38.60691356972765,nan,nan,3.747118547748567,3.04320686773288,0.9224585126977104,0.4835533129085049,0.3298321521627352,0.92
ngc3627,SN2009hd,II,170.0707,12.9796,139.6131050423376,325.1490303240861,68.404076,1.8574204,17.742697,0.0004517319625788,170.06252,12.9915,11.32,173.1,57.3,308.40494,12m+7m+tp,/data/tycho/0/leroy.42/reduction/alma/phangs-alma/derived/ngc3627/ngc3627_12m+7m+tp_co21_150pc_broad_mom0.fits,/data/tycho/0/leroy.42/reduction/alma/phangs-alma/derived/ngc3627/ngc3627_12m+7m+tp_co21_150pc_broad_emom0.fits,/data/kant/0/sun.1608/PHANGS/ALMA/alphaCO/v1p0/NGC3627_alphaCO21_scaling.fits,/data/tycho/0/leroy.42/reduction/alma/phangs-alma/derived/ngc3627/ngc3627_12m+7m+tp_co21_150pc_coverage2d.fits,/data/tycho/0/leroy.42/projects/phangs_survey_2019/working_data/irac/ngc3627_irac1_gauss7p5.fits,../Data/MixedMaps/ngc3627_Mixed.fits,../Data/ReprojectedInfraredMaps/ngc3627_reshaped.fits,../Data/MassMaps/ngc3627_Mass.fits,89.24925814494215,68.43151092529297,nan,68.43151092529297,96.36500549316406,114.98904418945312,101.64634704589844,74.12576293945312,55.4414176940918,1.959049940109253,nan,1.959049940109253,1.3928903341293335,1.1135802268981934,0.29626208543777466,0.14860141277313232,0.09046163409948349,17.74269676208496,nan,17.74269676208496,23.34103012084961,26.022382736206055,39.29839324951172,41.27503204345703,42.76874923706055,34.930968080107576,nan,34.930968080107576,69.18348353203255,103.26067346736909,343.096035713445,498.8227336211122,612.8721667035236,5.214173899570425,nan,192.76520067682006,271.4512564597902,323.91344103178244,286.3283043356889,208.80537891301717,156.17331640209218,nan,5.518461447582829,3.9236425025361137,3.1368519123027103,0.8345427359435633,0.41859635666007594,0.25482200838407615,0.99
ngc1559,SN2009ib,II,64.4167,-62.7776,299.57218832743223,427.403589217835,3.5123987,1.2494718,2.8059413,0.0003463939709418,64.40238,-62.78341,19.44,244.5,65.4,125.63808,12m+7m+tp,/data/tycho/0/leroy.42/reduction/alma/phangs-alma/derived/ngc1559/ngc1559_12m+7m+tp_co21_150pc_broad_mom0.fits,/data/tycho/0/leroy.42/reduction/alma/phangs-alma/derived/ngc1559/ngc1559_12m+7m+tp_co21_150pc_broad_emom0.fits,/data/kant/0/sun.1608/PHANGS/ALMA/alphaCO/v1p0/NGC1559_alphaCO21_scaling.fits,/data/tycho/0/leroy.42/reduction/alma/phangs-alma/derived/ngc1559/ngc1559_12m+7m+tp_co21_150pc_coverage2d.fits,/data/tycho/0/leroy.42/projects/phangs_survey_2019/working_data/irac/ngc1559_irac1_gauss7p5.fits,../Data/MixedMaps/ngc1559_Mixed.fits,../Data/ReprojectedInfraredMaps/ngc1559_reshaped.fits,../Data/MassMaps/ngc1559_Mass.fits,117.52870547054496,3.0266318321228027,nan,nan,3.0266318321228027,3.6781487464904785,4.007073879241943,4.907902240753174,5.460750102996826,1.2478392124176025,nan,nan,1.2478392124176025,0.932989776134491,0.37360942363739014,0.2409023493528366,0.15659695863723755,nan,nan,nan,nan,4.369989395141602,9.937430381774902,13.72153091430664,17.429779052734375,2.425498254906505,nan,nan,2.425498254906505,3.9423248148865797,10.725301948301613,20.372994509758126,34.871367557315395,6.281016444796072,nan,nan,7.913632864855079,9.617132316234608,10.477161842453242,12.832527583204355,14.278040369226861,nan,nan,3.262683388391109,2.4394571142183503,0.9768640447565521,0.6298793030674953,0.40944882203885874,0.29
ngc1566,SN2010el,Ia,64.9951,-54.944,333.0888088615794,351.7049348962778,15.126432,1.4931785,6.447685,0.0003484111476313,65.00159,-54.93801,17.69,214.7,29.5,216.83093,12m+7m+tp,/data/tycho/0/leroy.42/reduction/alma/phangs-alma/derived/ngc1566/ngc1566_12m+7m+tp_co21_150pc_broad_mom0.fits,/data/tycho/0/leroy.42/reduction/alma/phangs-alma/derived/ngc1566/ngc1566_12m+7m+tp_co21_150pc_broad_emom0.fits,/data/kant/0/sun.1608/PHANGS/ALMA/alphaCO/v1p0/NGC1566_alphaCO21_scaling.fits,/data/tycho/0/leroy.42/reduction/alma/phangs-alma/derived/ngc1566/ngc1566_12m+7m+tp_co21_150pc_coverage2d.fits,/data/tycho/0/leroy.42/projects/phangs_survey_2019/working_data/irac/ngc1566_irac1_gauss7p5.fits,../Data/MixedMaps/ngc1566_Mixed.fits,../Data/ReprojectedInfraredMaps/ngc1566_reshaped.fits,../Data/MassMaps/ngc1566_Mass.fits,107.5715044627487,15.783489227294922,nan,nan,15.321443557739258,15.370909690856934,14.63524055480957,15.009079933166504,14.57364559173584,1.5679908990859985,nan,nan,1.3916213512420654,1.139516830444336,0.41213810443878174,0.2526814639568329,0.16522885859012604,6.4476847648620605,nan,nan,7.41393518447876,9.033162117004395,14.209155082702637,15.788019180297852,16.774457931518555,10.066059207674812,nan,nan,11.009779020754742,13.488971185149849,35.510525227311184,59.399212344798656,88.20278561560403,4.5681594755839585,nan,nan,60.91688932660816,61.11356289363785,58.188598599463255,59.67495541378536,57.943701730933945,nan,nan,5.532980199854382,4.530631881022803,1.6386296239490805,1.0046422007649882,0.6569373214975093,0.83
ngc4945,SN2011ja,II,196.2963,-49.5242,284.0064230617902,111.34989236937538,48.65194,0.72480214,11.3481,0.002193771937916,196.36377,-49.467907,3.47,43.83,90.0,700.03754,7m+tp,/data/tycho/0/leroy.42/reduction/alma/phangs-alma/derived/ngc4945/ngc4945_7m+tp_co21_150pc_broad_mom0.fits,/data/tycho/0/leroy.42/reduction/alma/phangs-alma/derived/ngc4945/ngc4945_7m+tp_co21_150pc_broad_emom0.fits,/data/kant/0/sun.1608/PHANGS/ALMA/alphaCO/v1p0/NGC4945_alphaCO21_scaling.fits,/data/tycho/0/leroy.42/reduction/alma/phangs-alma/derived/ngc4945/ngc4945_7m+tp_co21_150pc_coverage2d.fits,/data/tycho/0/leroy.42/projects/phangs_survey_2019/working_data/z0mgs/ngc4945_w1_gauss7p5.fits,../Data/MixedMaps/ngc4945_Mixed.fits,../Data/ReprojectedInfraredMaps/ngc4945_reshaped.fits,../Data/MassMaps/ngc4945_Mass.fits,132.8612454319675,48.651939392089844,nan,nan,48.651939392089844,48.277645111083984,29.192386627197266,21.839136123657227,17.18722915649414,0.7248021364212036,nan,nan,0.7248021364212036,0.5998762249946594,0.09169463813304901,0.06341568380594254,0.050633396953344345,11.348099708557129,nan,nan,11.348099708557129,11.618279457092285,22.94391632080078,29.85637092590332,34.82785415649414,67.12444258555108,nan,nan,67.12444258555108,80.47934407054353,318.3652525553248,344.38067703388435,339.44452062600396,6.7,nan,nan,28.409982622671972,28.19141591902129,17.04670373177021,12.752821069824535,10.036370343486633,nan,nan,0.4232434792506923,0.3502938082386746,0.05354448575950628,0.03703117486051564,0.029567041839348437,0.93
ngc3239,SN2012A,II,156.2808,17.1541,154.78836138615736,47.086512314478114,0.0,0.8119465,nan,0.0003561811832922,156.27031,17.163702,10.86,72.9,60.3,108.42295,12m+7m+tp,/data/tycho/0/leroy.42/reduction/alma/phangs-alma/derived/ngc3239/ngc3239_12m+7m+tp_co21_150pc_broad_mom0.fits,/data/tycho/0/leroy.42/reduction/alma/phangs-alma/derived/ngc3239/ngc3239_12m+7m+tp_co21_150pc_broad_emom0.fits,/data/kant/0/sun.1608/PHANGS/ALMA/alphaCO/v1p0/NGC3239_alphaCO21_scaling.fits,/data/tycho/0/leroy.42/reduction/alma/phangs-alma/derived/ngc3239/ngc3239_12m+7m+tp_co21_150pc_coverage2d.fits,/data/tycho/0/leroy.42/projects/phangs_survey_2019/working_data/irac/ngc3239_irac1_gauss7p5.fits,../Data/MixedMaps/ngc3239_Mixed.fits,../Data/ReprojectedInfraredMaps/ngc3239_reshaped.fits,../Data/MassMaps/ngc3239_Mass.fits,67.5115633894789,0.0,nan,0.0,0.0,0.0,0.0,0.0,0.0,0.7931506037712097,nan,0.6394544839859009,0.5552335381507874,0.508427619934082,0.15403300523757935,0.05687533691525459,0.026387570425868034,nan,nan,nan,nan,nan,nan,nan,nan,0.0,nan,0.0,0.0,0.0,0.0,0.0,0.0,7.393127015214071,nan,0.0,0.0,0.0,0.0,0.0,0.0,nan,2.3423146554800116,2.0338142685590808,1.8623647112445294,0.5642211832602718,0.2083337258995614,0.09665737668419323,0.7
ngc4424,SN2012cg,Ia,186.8035,9.4203,78.07938021320132,115.08377746293014,-0.522859,0.97705775,nan,0.000316349305137,186.7982,9.420637,16.2,88.3,58.2,91.22656,12m+7m+tp,/data/tycho/0/leroy.42/reduction/alma/phangs-alma/derived/ngc4424/ngc4424_12m+7m+tp_co21_150pc_broad_mom0.fits,/data/tycho/0/leroy.42/reduction/alma/phangs-alma/derived/ngc4424/ngc4424_12m+7m+tp_co21_150pc_broad_emom0.fits,/data/kant/0/sun.1608/PHANGS/ALMA/alphaCO/v1p0/NGC4424_alphaCO21_scaling.fits,/data/tycho/0/leroy.42/reduction/alma/phangs-alma/derived/ngc4424/ngc4424_12m+7m+tp_co21_150pc_coverage2d.fits,/data/tycho/0/leroy.42/projects/phangs_survey_2019/working_data/irac/ngc4424_irac1_gauss7p5.fits,../Data/MixedMaps/ngc4424_Mixed.fits,../Data/ReprojectedInfraredMaps/ngc4424_reshaped.fits,../Data/MassMaps/ngc4424_Mass.fits,89.44565876868351,-0.295502632856369,nan,-0.295502632856369,-0.562279462814331,-0.5021461248397827,0.023414690047502518,0.5637328624725342,0.8915233016014099,1.0211249589920044,nan,1.0211249589920044,0.7271793484687805,0.6038720607757568,0.2430136650800705,0.15957245230674744,0.11975491046905518,nan,nan,nan,nan,nan,nan,nan,3.4520153999328613,-0.2893892958488373,nan,-0.2893892958488373,-0.7732335413516918,-0.8315438939081018,0.09635133085947088,3.532770564864579,7.44456572268726,5.764836533261279,nan,-0.8976820414200771,-1.7081004360224743,-1.5254265387762402,0.07112947373053295,1.7125155938827061,2.7082819859141964,nan,3.1019877179181568,2.2090356207731743,1.8344510132916962,0.7382303191460408,0.4847514330295469,0.3637931461415844,non-detection
ngc1365,SN2012fr,Ia,53.4006,-36.1268,390.2906744443858,389.8499395285312,-2.3150725,1.1174963,nan,0.0003829740084505,53.40152,-36.140404,19.57,201.1,55.4,360.67926,12m+7m+tp,/data/tycho/0/leroy.42/reduction/alma/phangs-alma/derived/ngc1365/ngc1365_12m+7m+tp_co21_150pc_broad_mom0.fits,/data/tycho/0/leroy.42/reduction/alma/phangs-alma/derived/ngc1365/ngc1365_12m+7m+tp_co21_150pc_broad_emom0.fits,/data/kant/0/sun.1608/PHANGS/ALMA/alphaCO/v1p0/NGC1365_alphaCO21_scaling.fits,/data/tycho/0/leroy.42/reduction/alma/phangs-alma/derived/ngc1365/ngc1365_12m+7m+tp_co21_150pc_coverage2d.fits,/data/tycho/0/leroy.42/projects/phangs_survey_2019/working_data/irac/ngc1365_irac1_gauss7p5.fits,../Data/MixedMaps/ngc1365_Mixed.fits,../Data/ReprojectedInfraredMaps/ngc1365_reshaped.fits,../Data/MassMaps/ngc1365_Mass.fits,130.80896025947337,-2.8842592239379883,nan,nan,-2.8842592239379883,-2.5313384532928467,0.5143470168113708,0.9956735968589783,1.1120128631591797,1.1017647981643677,nan,nan,1.1017647981643677,0.9228527545928955,0.35293927788734436,0.23430968821048737,0.17097511887550354,nan,nan,nan,nan,nan,nan,nan,2.5168092250823975,-2.61785385478226,nan,nan,-2.61785385478226,-2.7429494474549343,1.4573243870452601,4.249391497480612,6.503945547591038,4.810275129364102,nan,nan,-7.878309780061239,-6.9143121144269575,1.404930978207203,2.7196671404496104,3.037446059865396,nan,nan,3.0094536276993655,2.5207581280225386,0.964048217882166,0.6400133153328076,0.4670159117476651,non-detection
ngc0628,SN2013ej,II,24.2007,15.7586,333.46022572413716,356.77980642079694,5.7713037,1.9949342,nan,0.0003114595189268,24.173855,15.783643,9.84,20.7,8.9,296.56592,12m+7m+tp,/data/tycho/0/leroy.42/reduction/alma/phangs-alma/derived/ngc0628/ngc0628_12m+7m+tp_co21_150pc_broad_mom0.fits,/data/tycho/0/leroy.42/reduction/alma/phangs-alma/derived/ngc0628/ngc0628_12m+7m+tp_co21_150pc_broad_emom0.fits,/data/kant/0/sun.1608/PHANGS/ALMA/alphaCO/v1p0/NGC0628_alphaCO21_scaling.fits,/data/tycho/0/leroy.42/reduction/alma/phangs-alma/derived/ngc0628/ngc0628_12m+7m+tp_co21_150pc_coverage2d.fits,/data/tycho/0/leroy.42/projects/phangs_survey_2019/working_data/irac/ngc0628_irac1_gauss7p5.fits,../Data/MixedMaps/ngc0628_Mixed.fits,../Data/ReprojectedInfraredMaps/ngc0628_reshaped.fits,../Data/MassMaps/ngc0628_Mass.fits,53.490181864724654,5.771303653717041,4.944133281707764,2.7272579669952393,1.8072082996368408,1.341525912284851,0.6933073997497559,0.5306633114814758,0.5881704092025757,1.9949342012405396,1.7279061079025269,1.2605571746826172,1.0164546966552734,0.8571658730506897,0.18906767666339874,0.1100897341966629,0.06774332374334335,nan,nan,nan,nan,nan,nan,1.9705547094345093,4.776077747344971,2.892979452719887,2.861343714855754,2.1635337307741773,1.7779526284679545,1.5650715391996457,3.6669800570092472,4.820279705040487,8.68233763419928,7.274922328334363,35.535123822636834,19.60170651386112,12.989004754076928,9.641991161664595,4.9830299657189085,3.8140530214653197,4.227375584139824,12.419033630298495,9.060042020628465,7.305596643072226,6.160735097512134,1.3588920278402108,0.791251390967422,0.4868937102248143,non-detection
ngc4254,SN2014L,Ic,184.7029,14.4121,266.1503904555237,160.92822020115597,43.083294,1.0075488,7.9191947,0.000494815869629,184.7068,14.416412,13.1,68.1,34.4,151.0502,12m+7m+tp,/data/tycho/0/leroy.42/reduction/alma/phangs-alma/derived/ngc4254/ngc4254_12m+7m+tp_co21_150pc_broad_mom0.fits,/data/tycho/0/leroy.42/reduction/alma/phangs-alma/derived/ngc4254/ngc4254_12m+7m+tp_co21_150pc_broad_emom0.fits,/data/kant/0/sun.1608/PHANGS/ALMA/alphaCO/v1p0/NGC4254_alphaCO21_scaling.fits,/data/tycho/0/leroy.42/reduction/alma/phangs-alma/derived/ngc4254/ngc4254_12m+7m+tp_co21_150pc_coverage2d.fits,/data/tycho/0/leroy.42/projects/phangs_survey_2019/working_data/irac/ngc4254_irac1_gauss7p5.fits,../Data/MixedMaps/ngc4254_Mixed.fits,../Data/ReprojectedInfraredMaps/ngc4254_reshaped.fits,../Data/MassMaps/ngc4254_Mass.fits,113.13377612114876,42.471534729003906,nan,nan,42.471534729003906,44.8104362487793,37.55014419555664,30.816030502319336,27.01165771484375,1.3062145709991455,nan,nan,1.3062145709991455,0.9495238065719604,0.25436732172966003,0.14091558754444122,0.09083516895771027,7.91919469833374,nan,nan,7.91919469833374,8.315178871154785,12.341151237487793,15.408178329467773,18.813976287841797,32.514975465720546,nan,nan,32.514975465720546,47.19253581493357,147.62173041812616,218.68432754183945,297.3700387723113,5.041903528920723,nan,nan,176.68764340783886,186.41780739482363,156.21395670937758,128.19908306540688,112.3723495425202,nan,nan,5.4340389582675455,3.950154493199192,1.0582043461143196,0.5862289470235555,0.3778872612938684,0.98
ngc4303,SN2014dt,Ia,185.4899,4.4718,117.55593676008563,193.2507615691672,0.83079255,0.97850513,nan,0.000503635821363,185.47888,4.473744,16.99,312.4,23.5,206.59573,12m+7m+tp,/data/tycho/0/leroy.42/reduction/alma/phangs-alma/derived/ngc4303/ngc4303_12m+7m+tp_co21_150pc_broad_mom0.fits,/data/tycho/0/leroy.42/reduction/alma/phangs-alma/derived/ngc4303/ngc4303_12m+7m+tp_co21_150pc_broad_emom0.fits,/data/kant/0/sun.1608/PHANGS/ALMA/alphaCO/v1p0/NGC4303_alphaCO21_scaling.fits,/data/tycho/0/leroy.42/reduction/alma/phangs-alma/derived/ngc4303/ngc4303_12m+7m+tp_co21_150pc_coverage2d.fits,/data/tycho/0/leroy.42/projects/phangs_survey_2019/working_data/irac/ngc4303_irac1_gauss7p5.fits,../Data/MixedMaps/ngc4303_Mixed.fits,../Data/ReprojectedInfraredMaps/ngc4303_reshaped.fits,../Data/MassMaps/ngc4303_Mass.fits,149.34385530047734,1.2786945104599,nan,nan,nan,1.2786945104599,7.3714094161987305,8.077857971191406,7.585595607757568,0.9955321550369263,nan,nan,nan,0.9955321550369263,0.28358590602874756,0.16101515293121338,0.10144851356744766,nan,nan,nan,nan,nan,6.591657638549805,8.04549789428711,9.11156177520752,1.2844331586783055,nan,nan,nan,1.2844331586783055,25.993567590948892,50.16830915685504,74.77286104063332,5.105068947733356,nan,nan,nan,5.986406431941417,34.51039507922364,37.817743424625405,35.51314091436428,nan,nan,nan,4.660738000645739,1.3276513490683886,0.7538173811356758,0.4749469315486752,non-detection
ngc5128,SN2016adj,IIb,201.3505,-43.016,226.2426565431022,145.08138963317262,67.57131,1.4254165,35.12788,0.002258955715078,201.36507,-43.01911,3.69,32.17,45.33,767.57574,7m+tp,/data/tycho/0/leroy.42/reduction/alma/phangs-alma/derived/ngc5128/ngc5128_7m+tp_co21_150pc_broad_mom0.fits,/data/tycho/0/leroy.42/reduction/alma/phangs-alma/derived/ngc5128/ngc5128_7m+tp_co21_150pc_broad_emom0.fits,/data/kant/0/sun.1608/PHANGS/ALMA/alphaCO/v1p0/NGC5128_alphaCO21_scaling.fits,/data/tycho/0/leroy.42/reduction/alma/phangs-alma/derived/ngc5128/ngc5128_7m+tp_co21_150pc_coverage2d.fits,/data/tycho/0/leroy.42/projects/phangs_survey_2019/working_data/z0mgs/ngc5128_w1_gauss7p5.fits,../Data/MixedMaps/ngc5128_Mixed.fits,../Data/ReprojectedInfraredMaps/ngc5128_reshaped.fits,../Data/MassMaps/ngc5128_Mass.fits,145.48273291568873,67.5713119506836,nan,nan,nan,67.5713119506836,67.86510467529297,53.374263763427734,43.1256217956543,1.4254164695739746,nan,nan,nan,1.4254164695739746,0.17181427776813507,0.11165882647037506,0.09297400712966919,35.12788009643555,nan,nan,nan,35.12788009643555,67.25611877441406,84.099365234375,96.3857650756836,47.40461008625722,nan,nan,nan,47.40461008625722,394.99106568359554,478.0120430299239,463.8460052120563,4.3425294426087335,nan,nan,nan,206.28816179855477,207.18508031855762,162.94605567440564,131.65802157486766,nan,nan,nan,4.351647686231228,0.5245310547973802,0.34088274145052255,0.2838399384612089,0.95
ngc3627,SN2016cok,II,170.0797,12.9825,61.367765356577905,351.20979461614627,4.8749094,1.2110753,3.370604,0.0004517319625788,170.06252,12.9915,11.32,173.1,57.3,308.40494,12m+7m+tp,/data/tycho/0/leroy.42/reduction/alma/phangs-alma/derived/ngc3627/ngc3627_12m+7m+tp_co21_150pc_broad_mom0.fits,/data/tycho/0/leroy.42/reduction/alma/phangs-alma/derived/ngc3627/ngc3627_12m+7m+tp_co21_150pc_broad_emom0.fits,/data/kant/0/sun.1608/PHANGS/ALMA/alphaCO/v1p0/NGC3627_alphaCO21_scaling.fits,/data/tycho/0/leroy.42/reduction/alma/phangs-alma/derived/ngc3627/ngc3627_12m+7m+tp_co21_150pc_coverage2d.fits,/data/tycho/0/leroy.42/projects/phangs_survey_2019/working_data/irac/ngc3627_irac1_gauss7p5.fits,../Data/MixedMaps/ngc3627_Mixed.fits,../Data/ReprojectedInfraredMaps/ngc3627_reshaped.fits,../Data/MassMaps/ngc3627_Mass.fits,89.24925814494215,3.447918653488159,nan,3.447918653488159,3.8477632999420166,3.6405117511749268,4.7616472244262695,4.767528057098389,4.777758598327637,1.6142840385437012,nan,1.6142840385437012,1.1600689888000488,0.9202136993408203,0.26981982588768005,0.149191215634346,0.08997344970703125,3.4816348552703857,nan,3.4816348552703857,4.639389991760254,5.337199687957764,10.03156852722168,12.52772331237793,16.16504669189453,2.135881029089924,nan,2.135881029089924,3.3168400647637886,3.9561590462984264,17.64750684558086,31.955822846722846,53.101871873145086,6.169747163149507,nan,11.492416904981726,12.82515756277652,12.134357853733233,15.87126627891707,15.890867953900921,15.924967843366463,nan,5.380644684071435,3.8666795239914213,3.067206781053639,0.8993489232101598,0.49727613118028574,0.2998946606140283,0.18
ngc4321,SN2019ehk,Ib,185.7339,15.8261,226.5345602297337,297.43737308210586,1.0024955,1.6639854,4.194681,0.000462934650464,185.72887,15.822304,15.21,156.2,38.5,182.86105,12m+7m+tp,/data/tycho/0/leroy.42/reduction/alma/phangs-alma/derived/ngc4321/ngc4321_12m+7m+tp_co21_150pc_broad_mom0.fits,/data/tycho/0/leroy.42/reduction/alma/phangs-alma/derived/ngc4321/ngc4321_12m+7m+tp_co21_150pc_broad_emom0.fits,/data/kant/0/sun.1608/PHANGS/ALMA/alphaCO/v1p0/NGC4321_alphaCO21_scaling.fits,/data/tycho/0/leroy.42/reduction/alma/phangs-alma/derived/ngc4321/ngc4321_12m+7m+tp_co21_150pc_coverage2d.fits,/data/tycho/0/leroy.42/projects/phangs_survey_2019/working_data/irac/ngc4321_irac1_gauss7p5.fits,../Data/MixedMaps/ngc4321_Mixed.fits,../Data/ReprojectedInfraredMaps/ngc4321_reshaped.fits,../Data/MassMaps/ngc4321_Mass.fits,122.89275219530901,0.8533687591552734,nan,nan,0.8533687591552734,0.2082773596048355,2.4250617027282715,2.966567039489746,4.255796909332275,1.927997350692749,nan,nan,1.927997350692749,1.5100401639938354,0.45335203409194946,0.2685282230377197,0.16156423091888428,5.009367942810059,nan,nan,5.009367942810059,4.499788761138916,5.565593719482422,8.745107650756836,15.169445991516113,0.4426192592270157,nan,nan,0.4426192592270157,0.1379283575173076,5.349180152209082,11.047505569174518,26.341207364574164,4.7004750944605895,nan,nan,3.1392280465022053,0.7661753746060893,8.920905095282267,10.912902953482439,15.655502822974094,nan,nan,7.092389183390959,5.5548792749884495,1.66771446117741,0.9878160173942199,0.5943350510208165,non-detection
ngc4303,SN2020jfo,II,185.4602,4.4817,384.5072981494762,282.48710935329683,2.1475408,0.9978762,nan,0.000503635821363,185.47888,4.473744,16.99,312.4,23.5,206.59573,12m+7m+tp,/data/tycho/0/leroy.42/reduction/alma/phangs-alma/derived/ngc4303/ngc4303_12m+7m+tp_co21_150pc_broad_mom0.fits,/data/tycho/0/leroy.42/reduction/alma/phangs-alma/derived/ngc4303/ngc4303_12m+7m+tp_co21_150pc_broad_emom0.fits,/data/kant/0/sun.1608/PHANGS/ALMA/alphaCO/v1p0/NGC4303_alphaCO21_scaling.fits,/data/tycho/0/leroy.42/reduction/alma/phangs-alma/derived/ngc4303/ngc4303_12m+7m+tp_co21_150pc_coverage2d.fits,/data/tycho/0/leroy.42/projects/phangs_survey_2019/working_data/irac/ngc4303_irac1_gauss7p5.fits,../Data/MixedMaps/ngc4303_Mixed.fits,../Data/ReprojectedInfraredMaps/ngc4303_reshaped.fits,../Data/MassMaps/ngc4303_Mass.fits,149.34385530047734,1.3566794395446777,nan,nan,nan,1.3566794395446777,2.7067763805389404,3.2575535774230957,3.7856345176696777,1.066467523574829,nan,nan,nan,1.066467523574829,0.315779447555542,0.1994115263223648,0.11968716233968735,nan,nan,nan,nan,nan,5.4874982833862305,7.451867580413818,7.868338108062744,1.2721244759493942,nan,nan,nan,1.2721244759493942,8.571730685743407,16.335833928461074,31.62941157319418,6.020168475475144,nan,nan,nan,7.490032027294109,14.943723026984255,17.984484701643467,20.89994360826474,nan,nan,nan,5.887813786228941,1.7433729050585793,1.1009223514637985,0.6607756062707588,non-detection
ngc4457,SN2020nvb,Ia,187.245,3.5728,183.98007804730452,193.58000473666854,14.789048,2.2111452,6.346348,0.0003086113495887,187.24593,3.57062,15.1,78.7,17.4,83.77631,12m+7m+tp,/data/tycho/0/leroy.42/reduction/alma/phangs-alma/derived/ngc4457/ngc4457_12m+7m+tp_co21_150pc_broad_mom0.fits,/data/tycho/0/leroy.42/reduction/alma/phangs-alma/derived/ngc4457/ngc4457_12m+7m+tp_co21_150pc_broad_emom0.fits,/data/kant/0/sun.1608/PHANGS/ALMA/alphaCO/v1p0/NGC4457_alphaCO21_scaling.fits,/data/tycho/0/leroy.42/reduction/alma/phangs-alma/derived/ngc4457/ngc4457_12m+7m+tp_co21_150pc_coverage2d.fits,/data/tycho/0/leroy.42/projects/phangs_survey_2019/working_data/irac/ngc4457_irac1_gauss7p5.fits,../Data/MixedMaps/ngc4457_Mixed.fits,../Data/ReprojectedInfraredMaps/ngc4457_reshaped.fits,../Data/MassMaps/ngc4457_Mass.fits,81.33289080602722,14.789048194885254,nan,14.358511924743652,13.185251235961914,12.403838157653809,23.569425582885742,26.61707878112793,25.024417877197266,2.2111451625823975,nan,1.9452532529830933,1.473581075668335,1.22211754322052,0.4214463531970978,0.22742220759391785,0.15869341790676117,6.346347808837891,nan,6.596534729003906,7.62722635269165,8.198078155517578,36.12444305419922,48.075889587402344,52.21161651611328,6.688411256370485,nan,7.381307242501471,8.947760970655661,10.149464121893919,55.92509083086794,117.03816906330907,157.6903327641486,4.685476556256886,nan,64.19792179429699,58.95219031895277,55.458437209076784,105.38056786365874,119.00684074641669,111.88594126245428,nan,8.697364800728819,6.588485154251161,5.464173925147891,1.8843164364695817,1.0168207662411628,0.7095294892287266,0.73
ngc4321,SN2020oi,Ic,185.7289,15.8236,269.85879623875906,275.31590763214297,14.004269,2.045856,10.249046,0.000462934650464,185.72887,15.822304,15.21,156.2,38.5,182.86105,12m+7m+tp,/data/tycho/0/leroy.42/reduction/alma/phangs-alma/derived/ngc4321/ngc4321_12m+7m+tp_co21_150pc_broad_mom0.fits,/data/tycho/0/leroy.42/reduction/alma/phangs-alma/derived/ngc4321/ngc4321_12m+7m+tp_co21_150pc_broad_emom0.fits,/data/kant/0/sun.1608/PHANGS/ALMA/alphaCO/v1p0/NGC4321_alphaCO21_scaling.fits,/data/tycho/0/leroy.42/reduction/alma/phangs-alma/derived/ngc4321/ngc4321_12m+7m+tp_co21_150pc_coverage2d.fits,/data/tycho/0/leroy.42/projects/phangs_survey_2019/working_data/irac/ngc4321_irac1_gauss7p5.fits,../Data/MixedMaps/ngc4321_Mixed.fits,../Data/ReprojectedInfraredMaps/ngc4321_reshaped.fits,../Data/MassMaps/ngc4321_Mass.fits,122.89275219530901,14.31391429901123,nan,nan,14.31391429901123,18.77669906616211,108.43074798583984,107.32831573486328,91.32445526123047,2.0576884746551514,nan,nan,2.0576884746551514,1.6606816053390503,0.5176824331283569,0.295414537191391,0.1725476235151291,10.249046325683594,nan,nan,10.249046325683594,12.527762413024902,44.11170959472656,49.51082229614258,52.91892623901367,6.956307757621135,nan,nan,6.956307757621135,11.306621935111153,209.45417701464663,363.314265964265,529.2710116823085,4.246785193561616,nan,nan,47.573278009337386,62.405649923019354,360.37704368867776,356.713034329212,303.52310405364983,nan,nan,6.8388690763742375,5.51938945877612,1.720553148307362,0.9818305190479301,0.5734738864478707,0.92
